workload,variant,phase,round,position,process_seconds,query_seconds,bytes_requested,blocks_examined,blocks_skipped,rows_decoded,rows_selected,output_rows,output_sha256
ESZ26/day/bars/1h,pruned,warmup,1,1,0.17155089997686446,0.1576825,40026736,274,248,1663822,1663822,23,0ab687693333c92e3bbfd8cf494e853fa4c580ea11786eb71f762e3a5ac644bf
ESZ26/day/bars/1h,duckdb,warmup,1,2,1.0978650999604724,0.34357440000167117,,,,,,23,0ab687693333c92e3bbfd8cf494e853fa4c580ea11786eb71f762e3a5ac644bf
ESZ26/day/bars/1h,column,warmup,1,3,1.465769000002183,1.4500726,410781160,274,0,17111923,1663822,23,0ab687693333c92e3bbfd8cf494e853fa4c580ea11786eb71f762e3a5ac644bf
ESZ26/day/flow/-,duckdb,warmup,1,4,0.42651189997559413,0.10834749997593462,,,,,,1,4834e7227f05193a4dd689b0c5c51563556c2178899e1bdb6b769856083e6b9c
ESZ26/day/flow/-,column,warmup,1,5,2.319887400022708,2.302217,684571928,274,0,17111923,1663822,1,4834e7227f05193a4dd689b0c5c51563556c2178899e1bdb6b769856083e6b9c
ESZ26/day/flow/-,pruned,warmup,1,6,0.2778274000156671,0.2470916,66647888,274,248,1663822,1663822,1,4834e7227f05193a4dd689b0c5c51563556c2178899e1bdb6b769856083e6b9c
NQZ26/ten_minutes/flow/-,column,warmup,1,7,1.0538876000209711,1.0385384,307733800,131,0,7692171,19858,1,80351e3dafe91d9377541e85042a0b293217c285b1e39b212cac5ef9074d48c3
NQZ26/ten_minutes/flow/-,pruned,warmup,1,8,0.04514010000275448,0.021029,5289840,131,129,131072,19858,1,80351e3dafe91d9377541e85042a0b293217c285b1e39b212cac5ef9074d48c3
NQZ26/ten_minutes/flow/-,duckdb,warmup,1,9,0.48667219997150823,0.007224600005429238,,,,,,1,80351e3dafe91d9377541e85042a0b293217c285b1e39b212cac5ef9074d48c3
NQZ26/ten_minutes/bars/1m,pruned,warmup,1,10,0.03124570002546534,0.0149459,3192688,131,129,131072,19858,10,4b3e9bee9636be070134df558c9fc8683df10cb12d161c994e4a87074be2df9e
NQZ26/ten_minutes/bars/1m,duckdb,warmup,1,11,0.3254730000044219,0.009592399990651757,,,,,,10,4b3e9bee9636be070134df558c9fc8683df10cb12d161c994e4a87074be2df9e
NQZ26/ten_minutes/bars/1m,column,warmup,1,12,0.6369857999961823,0.6220825,184659064,131,0,7692171,19858,10,4b3e9bee9636be070134df558c9fc8683df10cb12d161c994e4a87074be2df9e
ESZ26/ten_minutes/bars/1h,duckdb,warmup,1,13,0.3397790000308305,0.013491099991369992,,,,,,1,e550b8ad4bf725f9fb18594215253c2181a957e63a7c89fcf1667216e0a4a966
ESZ26/ten_minutes/bars/1h,column,warmup,1,14,1.4604318999918178,1.4466214,410781160,274,0,17111923,46082,1,e550b8ad4bf725f9fb18594215253c2181a957e63a7c89fcf1667216e0a4a966
ESZ26/ten_minutes/bars/1h,pruned,warmup,1,15,0.03311700001358986,0.0173884,3240736,274,272,131072,46082,1,e550b8ad4bf725f9fb18594215253c2181a957e63a7c89fcf1667216e0a4a966
NQZ26/day/summary/-,pruned,warmup,1,16,0.09072809998178855,0.0745664,17608504,131,119,731731,731731,1,e6e3c25e92c70989561a89c23c85331f7a8788687143c40a1431043f241ffc2c
NQZ26/day/summary/-,duckdb,warmup,1,17,0.3511648999992758,0.03346380003495142,,,,,,1,e6e3c25e92c70989561a89c23c85331f7a8788687143c40a1431043f241ffc2c
NQZ26/day/summary/-,column,warmup,1,18,0.6502605999703519,0.6364247,184659064,131,0,7692171,731731,1,e6e3c25e92c70989561a89c23c85331f7a8788687143c40a1431043f241ffc2c
NQZ26/day/bars/1h,pruned,warmup,1,19,0.08798720000777394,0.0735052,17608504,131,119,731731,731731,23,bef7c843a3d380330103c9f62350d18fe0469ddfc3645ce06341634a9c32edf6
NQZ26/day/bars/1h,duckdb,warmup,1,20,0.4203179000178352,0.11195370001951233,,,,,,23,bef7c843a3d380330103c9f62350d18fe0469ddfc3645ce06341634a9c32edf6
NQZ26/day/bars/1h,column,warmup,1,21,0.6483236000058241,0.6308231,184659064,131,0,7692171,731731,23,bef7c843a3d380330103c9f62350d18fe0469ddfc3645ce06341634a9c32edf6
ESZ26/day/bars/1m,column,warmup,1,22,1.4866845000069588,1.4712581,410781160,274,0,17111923,1663822,1380,ce4db5049a1ba454ae08fa7a9275da923c39998df446090f114d8fc48798818f
ESZ26/day/bars/1m,pruned,warmup,1,23,0.19008900003973395,0.1743857,40026736,274,248,1663822,1663822,1380,ce4db5049a1ba454ae08fa7a9275da923c39998df446090f114d8fc48798818f
ESZ26/day/bars/1m,duckdb,warmup,1,24,0.5698350999737158,0.26254909997805953,,,,,,1380,ce4db5049a1ba454ae08fa7a9275da923c39998df446090f114d8fc48798818f
ESZ26/full/flow/-,pruned,warmup,1,25,2.551696599985007,2.5380699,684571928,274,0,17111923,17111923,1,508854b9eeec3a12c14f674f7e1b69322f29cb088cd0c8cdbe5bdf83c0f51578
ESZ26/full/flow/-,duckdb,warmup,1,26,1.444147400034126,1.1190802999772131,,,,,,1,508854b9eeec3a12c14f674f7e1b69322f29cb088cd0c8cdbe5bdf83c0f51578
ESZ26/full/flow/-,column,warmup,1,27,2.6056986999465153,2.5875071,684571928,274,0,17111923,17111923,1,508854b9eeec3a12c14f674f7e1b69322f29cb088cd0c8cdbe5bdf83c0f51578
ESZ26/ten_minutes/bars/1m,pruned,warmup,1,28,0.032591700030025095,0.017207,3240736,274,272,131072,46082,10,0d31b4d5491c1ebcb873e7b14fed1b423da80bea10b445108ccf13f74c51e396
ESZ26/ten_minutes/bars/1m,duckdb,warmup,1,29,0.32926040003076196,0.015875999990385026,,,,,,10,0d31b4d5491c1ebcb873e7b14fed1b423da80bea10b445108ccf13f74c51e396
ESZ26/ten_minutes/bars/1m,column,warmup,1,30,1.4543641000054777,1.4395806,410781160,274,0,17111923,46082,10,0d31b4d5491c1ebcb873e7b14fed1b423da80bea10b445108ccf13f74c51e396
NQZ26/full/flow/-,pruned,warmup,1,31,1.1647479999810457,1.1487571,307733800,131,0,7692171,7692171,1,b037820dc90976fe06076b38f39d18262b0b679a36fc8a1406a0ae06220ecada
NQZ26/full/flow/-,duckdb,warmup,1,32,0.7856671999907121,0.4644420000258833,,,,,,1,b037820dc90976fe06076b38f39d18262b0b679a36fc8a1406a0ae06220ecada
NQZ26/full/flow/-,column,warmup,1,33,1.1548125999979675,1.140894,307733800,131,0,7692171,7692171,1,b037820dc90976fe06076b38f39d18262b0b679a36fc8a1406a0ae06220ecada
NQZ26/full/bars/1h,column,warmup,1,34,0.7555480999872088,0.7392727,184659064,131,0,7692171,7692171,405,bc166fd7b12108cc0740baf8431876e7ee76556167cc3097b9de59c5ceda5682
NQZ26/full/bars/1h,pruned,warmup,1,35,0.7481663000071421,0.7317294,184659064,131,0,7692171,7692171,405,bc166fd7b12108cc0740baf8431876e7ee76556167cc3097b9de59c5ceda5682
NQZ26/full/bars/1h,duckdb,warmup,1,36,1.4758217000053264,1.1402286000084132,,,,,,405,bc166fd7b12108cc0740baf8431876e7ee76556167cc3097b9de59c5ceda5682
ESZ26/ten_minutes/summary/-,duckdb,warmup,1,37,0.300809099979233,0.006458899995777756,,,,,,1,4925db5150b95a1652baa9a9e047c75833143a1acd114117eebabcbeb9efb97a
ESZ26/ten_minutes/summary/-,column,warmup,1,38,1.439263199979905,1.4260564,410781160,274,0,17111923,46082,1,4925db5150b95a1652baa9a9e047c75833143a1acd114117eebabcbeb9efb97a
ESZ26/ten_minutes/summary/-,pruned,warmup,1,39,0.03138440003385767,0.0156015,3240736,274,272,131072,46082,1,4925db5150b95a1652baa9a9e047c75833143a1acd114117eebabcbeb9efb97a
ESZ26/day/summary/-,pruned,warmup,1,40,0.17003310000291094,0.1548741,40026736,274,248,1663822,1663822,1,e9725edf2bc1c6ac9ee013143cc7e311ab751899a4c0b3eaf7ff543bf310ead3
ESZ26/day/summary/-,duckdb,warmup,1,41,0.37184620002517477,0.06271860003471375,,,,,,1,e9725edf2bc1c6ac9ee013143cc7e311ab751899a4c0b3eaf7ff543bf310ead3
ESZ26/day/summary/-,column,warmup,1,42,1.6014653000165708,1.5862537,410781160,274,0,17111923,1663822,1,e9725edf2bc1c6ac9ee013143cc7e311ab751899a4c0b3eaf7ff543bf310ead3
ESZ26/ten_minutes/flow/-,column,warmup,1,43,2.416723100002855,2.3991651,684571928,274,0,17111923,46082,1,84e77dff30bb8e76dd3d676d39cc856a6eac548a672cfc4974b0f44cdc2a5500
ESZ26/ten_minutes/flow/-,pruned,warmup,1,44,0.04924310004571453,0.0259704,5337888,274,272,131072,46082,1,84e77dff30bb8e76dd3d676d39cc856a6eac548a672cfc4974b0f44cdc2a5500
ESZ26/ten_minutes/flow/-,duckdb,warmup,1,45,0.3919311999925412,0.008322400040924549,,,,,,1,84e77dff30bb8e76dd3d676d39cc856a6eac548a672cfc4974b0f44cdc2a5500
NQZ26/day/bars/1m,column,warmup,1,46,0.6608747999998741,0.6373518,184659064,131,0,7692171,731731,1380,023e6e13fd6a1c88b65842323f13059f5a74c0b4e72112582b8b7819f25a521a
NQZ26/day/bars/1m,pruned,warmup,1,47,0.10263269999995828,0.083794,17608504,131,119,731731,731731,1380,023e6e13fd6a1c88b65842323f13059f5a74c0b4e72112582b8b7819f25a521a
NQZ26/day/bars/1m,duckdb,warmup,1,48,0.44566570001188666,0.13264219998382032,,,,,,1380,023e6e13fd6a1c88b65842323f13059f5a74c0b4e72112582b8b7819f25a521a
NQZ26/ten_minutes/summary/-,duckdb,warmup,1,49,0.32772210001712665,0.005828900029882789,,,,,,1,7cef7f69ace2a505ed309cc1c2b0370950aa5b9e9b9e6480447147eb773281bf
NQZ26/ten_minutes/summary/-,column,warmup,1,50,0.6430448000319302,0.6273705,184659064,131,0,7692171,19858,1,7cef7f69ace2a505ed309cc1c2b0370950aa5b9e9b9e6480447147eb773281bf
NQZ26/ten_minutes/summary/-,pruned,warmup,1,51,0.0307419000309892,0.0151663,3192688,131,129,131072,19858,1,7cef7f69ace2a505ed309cc1c2b0370950aa5b9e9b9e6480447147eb773281bf
NQZ26/full/bars/1m,duckdb,warmup,1,52,1.8938091999734752,1.4562347000464797,,,,,,23485,e742a99e661eb774aa343b8c1a3c1ae9e3e3e4ae83bd235c6f6d9c29c08fa56b
NQZ26/full/bars/1m,column,warmup,1,53,0.9611019999720156,0.9398481,184659064,131,0,7692171,7692171,23485,e742a99e661eb774aa343b8c1a3c1ae9e3e3e4ae83bd235c6f6d9c29c08fa56b
NQZ26/full/bars/1m,pruned,warmup,1,54,0.9701546999858692,0.9477703,184659064,131,0,7692171,7692171,23485,e742a99e661eb774aa343b8c1a3c1ae9e3e3e4ae83bd235c6f6d9c29c08fa56b
NQZ26/full/summary/-,column,warmup,1,55,0.7386209000251256,0.7177359,184659064,131,0,7692171,7692171,1,912e9eb917468d16f6aaeed1f836a1d45489ec5c4174ce4c3659da659a7089ac
NQZ26/full/summary/-,pruned,warmup,1,56,0.7627184999873862,0.7194427,184659064,131,0,7692171,7692171,1,912e9eb917468d16f6aaeed1f836a1d45489ec5c4174ce4c3659da659a7089ac
NQZ26/full/summary/-,duckdb,warmup,1,57,0.594966700009536,0.2780172000057064,,,,,,1,912e9eb917468d16f6aaeed1f836a1d45489ec5c4174ce4c3659da659a7089ac
ESZ26/full/summary/-,column,warmup,1,58,1.6585606000153348,1.6412336,410781160,274,0,17111923,17111923,1,2524acf5f7f08f7f2f1e8ddf7e8b0e28f30c7c5bc8a4d3573edcbbf04d8a790a
ESZ26/full/summary/-,pruned,warmup,1,59,1.7784327999688685,1.7605291,410781160,274,0,17111923,17111923,1,2524acf5f7f08f7f2f1e8ddf7e8b0e28f30c7c5bc8a4d3573edcbbf04d8a790a
ESZ26/full/summary/-,duckdb,warmup,1,60,0.9005337000126019,0.5712197000393644,,,,,,1,2524acf5f7f08f7f2f1e8ddf7e8b0e28f30c7c5bc8a4d3573edcbbf04d8a790a
ESZ26/full/bars/1h,column,warmup,1,61,1.7669421000173315,1.6810903,410781160,274,0,17111923,17111923,405,833f885466de93a08991d071a5319342002971ddd06eafd63d7b3dd9c3b8d35f
ESZ26/full/bars/1h,pruned,warmup,1,62,1.6843182999873534,1.6696684,410781160,274,0,17111923,17111923,405,833f885466de93a08991d071a5319342002971ddd06eafd63d7b3dd9c3b8d35f
ESZ26/full/bars/1h,duckdb,warmup,1,63,2.7333612000220455,2.4094637000234798,,,,,,405,833f885466de93a08991d071a5319342002971ddd06eafd63d7b3dd9c3b8d35f
NQZ26/day/flow/-,duckdb,warmup,1,64,0.36178460001247004,0.05064069997752085,,,,,,1,37f6c86af36fad4c3f0574222020ee24b81f0a264768f1374d1a1665ecd6300a
NQZ26/day/flow/-,column,warmup,1,65,1.0880134999752045,1.0704599,307733800,131,0,7692171,731731,1,37f6c86af36fad4c3f0574222020ee24b81f0a264768f1374d1a1665ecd6300a
NQZ26/day/flow/-,pruned,warmup,1,66,0.12595020001754165,0.1109874,29316200,131,119,731731,731731,1,37f6c86af36fad4c3f0574222020ee24b81f0a264768f1374d1a1665ecd6300a
ESZ26/full/bars/1m,duckdb,warmup,1,67,3.1278333000373095,2.7863419999484904,,,,,,24104,4386409cb5a66110db1754b70f3517e9d1e5d70a9738216f664f3f4099650f38
ESZ26/full/bars/1m,column,warmup,1,68,1.9121181999798864,1.8908656,410781160,274,0,17111923,17111923,24104,4386409cb5a66110db1754b70f3517e9d1e5d70a9738216f664f3f4099650f38
ESZ26/full/bars/1m,pruned,warmup,1,69,1.9248293999698944,1.9038463,410781160,274,0,17111923,17111923,24104,4386409cb5a66110db1754b70f3517e9d1e5d70a9738216f664f3f4099650f38
NQZ26/ten_minutes/bars/1h,duckdb,warmup,1,70,0.31838809995679185,0.009292500035371631,,,,,,1,df3b50da996c3b943508ed61cb0606942dbd801e1dde0b30aabf8116c8a054b0
NQZ26/ten_minutes/bars/1h,column,warmup,1,71,0.6379811999504454,0.6212725,184659064,131,0,7692171,19858,1,df3b50da996c3b943508ed61cb0606942dbd801e1dde0b30aabf8116c8a054b0
NQZ26/ten_minutes/bars/1h,pruned,warmup,1,72,0.031122199958190322,0.0142002,3192688,131,129,131072,19858,1,df3b50da996c3b943508ed61cb0606942dbd801e1dde0b30aabf8116c8a054b0
ESZ26/day/bars/1m,pruned,warmup,2,73,0.18597270001191646,0.1696344,40026736,274,248,1663822,1663822,1380,ce4db5049a1ba454ae08fa7a9275da923c39998df446090f114d8fc48798818f
ESZ26/day/bars/1m,duckdb,warmup,2,74,0.604379299969878,0.2678044000058435,,,,,,1380,ce4db5049a1ba454ae08fa7a9275da923c39998df446090f114d8fc48798818f
ESZ26/day/bars/1m,column,warmup,2,75,1.496281200030353,1.4801245,410781160,274,0,17111923,1663822,1380,ce4db5049a1ba454ae08fa7a9275da923c39998df446090f114d8fc48798818f
ESZ26/ten_minutes/summary/-,column,warmup,2,76,1.4431247999891639,1.4284101,410781160,274,0,17111923,46082,1,4925db5150b95a1652baa9a9e047c75833143a1acd114117eebabcbeb9efb97a
ESZ26/ten_minutes/summary/-,pruned,warmup,2,77,0.031244600017089397,0.0152482,3240736,274,272,131072,46082,1,4925db5150b95a1652baa9a9e047c75833143a1acd114117eebabcbeb9efb97a
ESZ26/ten_minutes/summary/-,duckdb,warmup,2,78,0.32068809994962066,0.006907299975864589,,,,,,1,4925db5150b95a1652baa9a9e047c75833143a1acd114117eebabcbeb9efb97a
ESZ26/day/summary/-,duckdb,warmup,2,79,0.3651992999948561,0.063325299997814,,,,,,1,e9725edf2bc1c6ac9ee013143cc7e311ab751899a4c0b3eaf7ff543bf310ead3
ESZ26/day/summary/-,column,warmup,2,80,1.4565488999942318,1.4350141,410781160,274,0,17111923,1663822,1,e9725edf2bc1c6ac9ee013143cc7e311ab751899a4c0b3eaf7ff543bf310ead3
ESZ26/day/summary/-,pruned,warmup,2,81,0.1699089999892749,0.1545015,40026736,274,248,1663822,1663822,1,e9725edf2bc1c6ac9ee013143cc7e311ab751899a4c0b3eaf7ff543bf310ead3
ESZ26/full/summary/-,pruned,warmup,2,82,1.6496678999974392,1.6342668,410781160,274,0,17111923,17111923,1,2524acf5f7f08f7f2f1e8ddf7e8b0e28f30c7c5bc8a4d3573edcbbf04d8a790a
ESZ26/full/summary/-,duckdb,warmup,2,83,0.9058208999922499,0.569752499985043,,,,,,1,2524acf5f7f08f7f2f1e8ddf7e8b0e28f30c7c5bc8a4d3573edcbbf04d8a790a
ESZ26/full/summary/-,column,warmup,2,84,1.6763367000385188,1.6603538,410781160,274,0,17111923,17111923,1,2524acf5f7f08f7f2f1e8ddf7e8b0e28f30c7c5bc8a4d3573edcbbf04d8a790a
NQZ26/full/flow/-,duckdb,warmup,2,85,0.7806040999712422,0.45006439997814596,,,,,,1,b037820dc90976fe06076b38f39d18262b0b679a36fc8a1406a0ae06220ecada
NQZ26/full/flow/-,column,warmup,2,86,1.1409634999581613,1.1249602,307733800,131,0,7692171,7692171,1,b037820dc90976fe06076b38f39d18262b0b679a36fc8a1406a0ae06220ecada
NQZ26/full/flow/-,pruned,warmup,2,87,1.1440357000101358,1.1299063,307733800,131,0,7692171,7692171,1,b037820dc90976fe06076b38f39d18262b0b679a36fc8a1406a0ae06220ecada
NQZ26/day/flow/-,column,warmup,2,88,1.0790538000292145,1.0472263,307733800,131,0,7692171,731731,1,37f6c86af36fad4c3f0574222020ee24b81f0a264768f1374d1a1665ecd6300a
NQZ26/day/flow/-,pruned,warmup,2,89,0.12479689996689558,0.1094435,29316200,131,119,731731,731731,1,37f6c86af36fad4c3f0574222020ee24b81f0a264768f1374d1a1665ecd6300a
NQZ26/day/flow/-,duckdb,warmup,2,90,0.3738450999953784,0.049569300026632845,,,,,,1,37f6c86af36fad4c3f0574222020ee24b81f0a264768f1374d1a1665ecd6300a
NQZ26/day/bars/1h,duckdb,warmup,2,91,0.42570610000984743,0.11147689999779686,,,,,,23,bef7c843a3d380330103c9f62350d18fe0469ddfc3645ce06341634a9c32edf6
NQZ26/day/bars/1h,column,warmup,2,92,0.6469370000413619,0.6296923,184659064,131,0,7692171,731731,23,bef7c843a3d380330103c9f62350d18fe0469ddfc3645ce06341634a9c32edf6
NQZ26/day/bars/1h,pruned,warmup,2,93,0.08668399997986853,0.0719758,17608504,131,119,731731,731731,23,bef7c843a3d380330103c9f62350d18fe0469ddfc3645ce06341634a9c32edf6
ESZ26/ten_minutes/bars/1h,column,warmup,2,94,1.454171099991072,1.4395803,410781160,274,0,17111923,46082,1,e550b8ad4bf725f9fb18594215253c2181a957e63a7c89fcf1667216e0a4a966
ESZ26/ten_minutes/bars/1h,pruned,warmup,2,95,0.03198900003917515,0.0160881,3240736,274,272,131072,46082,1,e550b8ad4bf725f9fb18594215253c2181a957e63a7c89fcf1667216e0a4a966
ESZ26/ten_minutes/bars/1h,duckdb,warmup,2,96,0.33730409998679534,0.014801900018937886,,,,,,1,e550b8ad4bf725f9fb18594215253c2181a957e63a7c89fcf1667216e0a4a966
ESZ26/day/flow/-,column,warmup,2,97,2.391249099979177,2.3753516,684571928,274,0,17111923,1663822,1,4834e7227f05193a4dd689b0c5c51563556c2178899e1bdb6b769856083e6b9c
ESZ26/day/flow/-,pruned,warmup,2,98,0.2605659000109881,0.2443279,66647888,274,248,1663822,1663822,1,4834e7227f05193a4dd689b0c5c51563556c2178899e1bdb6b769856083e6b9c
ESZ26/day/flow/-,duckdb,warmup,2,99,0.47838040004717186,0.1133904000162147,,,,,,1,4834e7227f05193a4dd689b0c5c51563556c2178899e1bdb6b769856083e6b9c
NQZ26/full/bars/1m,column,warmup,2,100,1.068397399969399,1.0433398,184659064,131,0,7692171,7692171,23485,e742a99e661eb774aa343b8c1a3c1ae9e3e3e4ae83bd235c6f6d9c29c08fa56b
NQZ26/full/bars/1m,pruned,warmup,2,101,1.0139459999627434,0.991926,184659064,131,0,7692171,7692171,23485,e742a99e661eb774aa343b8c1a3c1ae9e3e3e4ae83bd235c6f6d9c29c08fa56b
NQZ26/full/bars/1m,duckdb,warmup,2,102,2.1547223999514244,1.7909240000299178,,,,,,23485,e742a99e661eb774aa343b8c1a3c1ae9e3e3e4ae83bd235c6f6d9c29c08fa56b
ESZ26/full/flow/-,duckdb,warmup,2,103,1.4711618999717757,1.0811174000264145,,,,,,1,508854b9eeec3a12c14f674f7e1b69322f29cb088cd0c8cdbe5bdf83c0f51578
ESZ26/full/flow/-,column,warmup,2,104,2.720610399963334,2.7003041,684571928,274,0,17111923,17111923,1,508854b9eeec3a12c14f674f7e1b69322f29cb088cd0c8cdbe5bdf83c0f51578
ESZ26/full/flow/-,pruned,warmup,2,105,2.6620381000102498,2.5421594,684571928,274,0,17111923,17111923,1,508854b9eeec3a12c14f674f7e1b69322f29cb088cd0c8cdbe5bdf83c0f51578
ESZ26/ten_minutes/flow/-,pruned,warmup,2,106,0.040266399970278144,0.0227963,5337888,274,272,131072,46082,1,84e77dff30bb8e76dd3d676d39cc856a6eac548a672cfc4974b0f44cdc2a5500
ESZ26/ten_minutes/flow/-,duckdb,warmup,2,107,0.35538200003793463,0.009242800006177276,,,,,,1,84e77dff30bb8e76dd3d676d39cc856a6eac548a672cfc4974b0f44cdc2a5500
ESZ26/ten_minutes/flow/-,column,warmup,2,108,2.355353799997829,2.3379843,684571928,274,0,17111923,46082,1,84e77dff30bb8e76dd3d676d39cc856a6eac548a672cfc4974b0f44cdc2a5500
ESZ26/ten_minutes/bars/1m,duckdb,warmup,2,109,0.41136970004299656,0.0179082999820821,,,,,,10,0d31b4d5491c1ebcb873e7b14fed1b423da80bea10b445108ccf13f74c51e396
ESZ26/ten_minutes/bars/1m,column,warmup,2,110,1.6325229000067338,1.6150978,410781160,274,0,17111923,46082,10,0d31b4d5491c1ebcb873e7b14fed1b423da80bea10b445108ccf13f74c51e396
ESZ26/ten_minutes/bars/1m,pruned,warmup,2,111,0.03340389998629689,0.0179461,3240736,274,272,131072,46082,10,0d31b4d5491c1ebcb873e7b14fed1b423da80bea10b445108ccf13f74c51e396
NQZ26/full/bars/1h,pruned,warmup,2,112,0.7674344000406563,0.7510852,184659064,131,0,7692171,7692171,405,bc166fd7b12108cc0740baf8431876e7ee76556167cc3097b9de59c5ceda5682
NQZ26/full/bars/1h,duckdb,warmup,2,113,1.692958700004965,1.2021620000014082,,,,,,405,bc166fd7b12108cc0740baf8431876e7ee76556167cc3097b9de59c5ceda5682
NQZ26/full/bars/1h,column,warmup,2,114,0.7491603999515064,0.7332911,184659064,131,0,7692171,7692171,405,bc166fd7b12108cc0740baf8431876e7ee76556167cc3097b9de59c5ceda5682
NQZ26/day/bars/1m,pruned,warmup,2,115,0.09972359996754676,0.0845915,17608504,131,119,731731,731731,1380,023e6e13fd6a1c88b65842323f13059f5a74c0b4e72112582b8b7819f25a521a
NQZ26/day/bars/1m,duckdb,warmup,2,116,0.4587678999523632,0.1348907999927178,,,,,,1380,023e6e13fd6a1c88b65842323f13059f5a74c0b4e72112582b8b7819f25a521a
NQZ26/day/bars/1m,column,warmup,2,117,0.6656161000137217,0.6482142,184659064,131,0,7692171,731731,1380,023e6e13fd6a1c88b65842323f13059f5a74c0b4e72112582b8b7819f25a521a
NQZ26/ten_minutes/bars/1h,column,warmup,2,118,0.6334051999729127,0.6171772,184659064,131,0,7692171,19858,1,df3b50da996c3b943508ed61cb0606942dbd801e1dde0b30aabf8116c8a054b0
NQZ26/ten_minutes/bars/1h,pruned,warmup,2,119,0.02912700001616031,0.0143004,3192688,131,129,131072,19858,1,df3b50da996c3b943508ed61cb0606942dbd801e1dde0b30aabf8116c8a054b0
NQZ26/ten_minutes/bars/1h,duckdb,warmup,2,120,0.3230061000213027,0.009629899985156953,,,,,,1,df3b50da996c3b943508ed61cb0606942dbd801e1dde0b30aabf8116c8a054b0
NQZ26/day/summary/-,duckdb,warmup,2,121,0.342591899971012,0.030330599984154105,,,,,,1,e6e3c25e92c70989561a89c23c85331f7a8788687143c40a1431043f241ffc2c
NQZ26/day/summary/-,column,warmup,2,122,0.6392908000270836,0.6230452,184659064,131,0,7692171,731731,1,e6e3c25e92c70989561a89c23c85331f7a8788687143c40a1431043f241ffc2c
NQZ26/day/summary/-,pruned,warmup,2,123,0.08633930003270507,0.0701174,17608504,131,119,731731,731731,1,e6e3c25e92c70989561a89c23c85331f7a8788687143c40a1431043f241ffc2c
NQZ26/ten_minutes/bars/1m,duckdb,warmup,2,124,0.3337800000444986,0.009587000007741153,,,,,,10,4b3e9bee9636be070134df558c9fc8683df10cb12d161c994e4a87074be2df9e
NQZ26/ten_minutes/bars/1m,column,warmup,2,125,0.634947500017006,0.620349,184659064,131,0,7692171,19858,10,4b3e9bee9636be070134df558c9fc8683df10cb12d161c994e4a87074be2df9e
NQZ26/ten_minutes/bars/1m,pruned,warmup,2,126,0.031535200017970055,0.0145466,3192688,131,129,131072,19858,10,4b3e9bee9636be070134df558c9fc8683df10cb12d161c994e4a87074be2df9e
ESZ26/full/bars/1m,column,warmup,2,127,1.9275856000022031,1.9063045,410781160,274,0,17111923,17111923,24104,4386409cb5a66110db1754b70f3517e9d1e5d70a9738216f664f3f4099650f38
ESZ26/full/bars/1m,pruned,warmup,2,128,1.9231880000443198,1.9014262,410781160,274,0,17111923,17111923,24104,4386409cb5a66110db1754b70f3517e9d1e5d70a9738216f664f3f4099650f38
ESZ26/full/bars/1m,duckdb,warmup,2,129,3.1122724000015296,2.772119000030216,,,,,,24104,4386409cb5a66110db1754b70f3517e9d1e5d70a9738216f664f3f4099650f38
ESZ26/day/bars/1h,duckdb,warmup,2,130,0.5791711999918334,0.2410220000310801,,,,,,23,0ab687693333c92e3bbfd8cf494e853fa4c580ea11786eb71f762e3a5ac644bf
ESZ26/day/bars/1h,column,warmup,2,131,1.4728352000238374,1.4568421,410781160,274,0,17111923,1663822,23,0ab687693333c92e3bbfd8cf494e853fa4c580ea11786eb71f762e3a5ac644bf
ESZ26/day/bars/1h,pruned,warmup,2,132,0.1731593000004068,0.1576335,40026736,274,248,1663822,1663822,23,0ab687693333c92e3bbfd8cf494e853fa4c580ea11786eb71f762e3a5ac644bf
NQZ26/ten_minutes/summary/-,column,warmup,2,133,0.6405579000129364,0.6247999,184659064,131,0,7692171,19858,1,7cef7f69ace2a505ed309cc1c2b0370950aa5b9e9b9e6480447147eb773281bf
NQZ26/ten_minutes/summary/-,pruned,warmup,2,134,0.02899660001276061,0.0145113,3192688,131,129,131072,19858,1,7cef7f69ace2a505ed309cc1c2b0370950aa5b9e9b9e6480447147eb773281bf
NQZ26/ten_minutes/summary/-,duckdb,warmup,2,135,0.3400398999801837,0.005497200007084757,,,,,,1,7cef7f69ace2a505ed309cc1c2b0370950aa5b9e9b9e6480447147eb773281bf
NQZ26/full/summary/-,pruned,warmup,2,136,0.7272829000139609,0.7102542,184659064,131,0,7692171,7692171,1,912e9eb917468d16f6aaeed1f836a1d45489ec5c4174ce4c3659da659a7089ac
NQZ26/full/summary/-,duckdb,warmup,2,137,0.6023400999838486,0.27992170001380146,,,,,,1,912e9eb917468d16f6aaeed1f836a1d45489ec5c4174ce4c3659da659a7089ac
NQZ26/full/summary/-,column,warmup,2,138,0.731665100029204,0.7162464,184659064,131,0,7692171,7692171,1,912e9eb917468d16f6aaeed1f836a1d45489ec5c4174ce4c3659da659a7089ac
ESZ26/full/bars/1h,pruned,warmup,2,139,1.6923437000368722,1.6718245,410781160,274,0,17111923,17111923,405,833f885466de93a08991d071a5319342002971ddd06eafd63d7b3dd9c3b8d35f
ESZ26/full/bars/1h,duckdb,warmup,2,140,2.6899177000159398,2.3646538999746554,,,,,,405,833f885466de93a08991d071a5319342002971ddd06eafd63d7b3dd9c3b8d35f
ESZ26/full/bars/1h,column,warmup,2,141,1.6860312999924645,1.6697834,410781160,274,0,17111923,17111923,405,833f885466de93a08991d071a5319342002971ddd06eafd63d7b3dd9c3b8d35f
NQZ26/ten_minutes/flow/-,pruned,warmup,2,142,0.03871699998853728,0.0214408,5289840,131,129,131072,19858,1,80351e3dafe91d9377541e85042a0b293217c285b1e39b212cac5ef9074d48c3
NQZ26/ten_minutes/flow/-,duckdb,warmup,2,143,0.3173225999926217,0.007740699977148324,,,,,,1,80351e3dafe91d9377541e85042a0b293217c285b1e39b212cac5ef9074d48c3
NQZ26/ten_minutes/flow/-,column,warmup,2,144,1.0493653999874368,1.033771,307733800,131,0,7692171,19858,1,80351e3dafe91d9377541e85042a0b293217c285b1e39b212cac5ef9074d48c3
NQZ26/day/bars/1h,column,measured,3,145,0.6367207000148483,0.6219232,184659064,131,0,7692171,731731,23,bef7c843a3d380330103c9f62350d18fe0469ddfc3645ce06341634a9c32edf6
NQZ26/day/bars/1h,pruned,measured,3,146,0.08678370004054159,0.072689,17608504,131,119,731731,731731,23,bef7c843a3d380330103c9f62350d18fe0469ddfc3645ce06341634a9c32edf6
NQZ26/day/bars/1h,duckdb,measured,3,147,0.427318700007163,0.1098659000126645,,,,,,23,bef7c843a3d380330103c9f62350d18fe0469ddfc3645ce06341634a9c32edf6
ESZ26/ten_minutes/flow/-,duckdb,measured,3,148,0.30640189995756373,0.008730000001378357,,,,,,1,84e77dff30bb8e76dd3d676d39cc856a6eac548a672cfc4974b0f44cdc2a5500
ESZ26/ten_minutes/flow/-,column,measured,3,149,2.5955116000259295,2.5813735,684571928,274,0,17111923,46082,1,84e77dff30bb8e76dd3d676d39cc856a6eac548a672cfc4974b0f44cdc2a5500
ESZ26/ten_minutes/flow/-,pruned,measured,3,150,0.04219860001467168,0.0249411,5337888,274,272,131072,46082,1,84e77dff30bb8e76dd3d676d39cc856a6eac548a672cfc4974b0f44cdc2a5500
ESZ26/ten_minutes/bars/1m,column,measured,3,151,1.7067920999834314,1.4703384,410781160,274,0,17111923,46082,10,0d31b4d5491c1ebcb873e7b14fed1b423da80bea10b445108ccf13f74c51e396
ESZ26/ten_minutes/bars/1m,pruned,measured,3,152,0.044493199966382235,0.0157065,3240736,274,272,131072,46082,10,0d31b4d5491c1ebcb873e7b14fed1b423da80bea10b445108ccf13f74c51e396
ESZ26/ten_minutes/bars/1m,duckdb,measured,3,153,0.43050489999586716,0.015022900013718754,,,,,,10,0d31b4d5491c1ebcb873e7b14fed1b423da80bea10b445108ccf13f74c51e396
ESZ26/full/summary/-,duckdb,measured,3,154,0.9936270999605767,0.5912092000362463,,,,,,1,2524acf5f7f08f7f2f1e8ddf7e8b0e28f30c7c5bc8a4d3573edcbbf04d8a790a
ESZ26/full/summary/-,column,measured,3,155,1.6434674999909475,1.6253702,410781160,274,0,17111923,17111923,1,2524acf5f7f08f7f2f1e8ddf7e8b0e28f30c7c5bc8a4d3573edcbbf04d8a790a
ESZ26/full/summary/-,pruned,measured,3,156,1.6379324000445195,1.6222115,410781160,274,0,17111923,17111923,1,2524acf5f7f08f7f2f1e8ddf7e8b0e28f30c7c5bc8a4d3573edcbbf04d8a790a
ESZ26/full/flow/-,column,measured,3,157,2.5057343000080436,2.4907497,684571928,274,0,17111923,17111923,1,508854b9eeec3a12c14f674f7e1b69322f29cb088cd0c8cdbe5bdf83c0f51578
ESZ26/full/flow/-,pruned,measured,3,158,2.4889849000028335,2.4720975,684571928,274,0,17111923,17111923,1,508854b9eeec3a12c14f674f7e1b69322f29cb088cd0c8cdbe5bdf83c0f51578
ESZ26/full/flow/-,duckdb,measured,3,159,1.2520366000244394,0.9370674999663606,,,,,,1,508854b9eeec3a12c14f674f7e1b69322f29cb088cd0c8cdbe5bdf83c0f51578
ESZ26/day/flow/-,pruned,measured,3,160,0.2581175000523217,0.2424152,66647888,274,248,1663822,1663822,1,4834e7227f05193a4dd689b0c5c51563556c2178899e1bdb6b769856083e6b9c
ESZ26/day/flow/-,duckdb,measured,3,161,0.40000909997615963,0.09634280001046136,,,,,,1,4834e7227f05193a4dd689b0c5c51563556c2178899e1bdb6b769856083e6b9c
ESZ26/day/flow/-,column,measured,3,162,2.3391198000172153,2.3228736,684571928,274,0,17111923,1663822,1,4834e7227f05193a4dd689b0c5c51563556c2178899e1bdb6b769856083e6b9c
ESZ26/full/bars/1m,pruned,measured,3,163,1.8907128000282682,1.8695,410781160,274,0,17111923,17111923,24104,4386409cb5a66110db1754b70f3517e9d1e5d70a9738216f664f3f4099650f38
ESZ26/full/bars/1m,duckdb,measured,3,164,3.09386209998047,2.7539173999684863,,,,,,24104,4386409cb5a66110db1754b70f3517e9d1e5d70a9738216f664f3f4099650f38
ESZ26/full/bars/1m,column,measured,3,165,1.9401038000360131,1.9112456,410781160,274,0,17111923,17111923,24104,4386409cb5a66110db1754b70f3517e9d1e5d70a9738216f664f3f4099650f38
ESZ26/ten_minutes/bars/1h,pruned,measured,3,166,0.030279200000222772,0.0155322,3240736,274,272,131072,46082,1,e550b8ad4bf725f9fb18594215253c2181a957e63a7c89fcf1667216e0a4a966
ESZ26/ten_minutes/bars/1h,duckdb,measured,3,167,0.3229024999891408,0.01342179998755455,,,,,,1,e550b8ad4bf725f9fb18594215253c2181a957e63a7c89fcf1667216e0a4a966
ESZ26/ten_minutes/bars/1h,column,measured,3,168,1.4457162999897264,1.429475,410781160,274,0,17111923,46082,1,e550b8ad4bf725f9fb18594215253c2181a957e63a7c89fcf1667216e0a4a966
NQZ26/full/bars/1h,duckdb,measured,3,169,1.4867100999690592,1.1606398000149056,,,,,,405,bc166fd7b12108cc0740baf8431876e7ee76556167cc3097b9de59c5ceda5682
NQZ26/full/bars/1h,column,measured,3,170,0.7730610999860801,0.7563043,184659064,131,0,7692171,7692171,405,bc166fd7b12108cc0740baf8431876e7ee76556167cc3097b9de59c5ceda5682
NQZ26/full/bars/1h,pruned,measured,3,171,0.7560185000183992,0.740325,184659064,131,0,7692171,7692171,405,bc166fd7b12108cc0740baf8431876e7ee76556167cc3097b9de59c5ceda5682
ESZ26/ten_minutes/summary/-,pruned,measured,3,172,0.03145169996423647,0.0158321,3240736,274,272,131072,46082,1,4925db5150b95a1652baa9a9e047c75833143a1acd114117eebabcbeb9efb97a
ESZ26/ten_minutes/summary/-,duckdb,measured,3,173,0.3287453000084497,0.007067099970299751,,,,,,1,4925db5150b95a1652baa9a9e047c75833143a1acd114117eebabcbeb9efb97a
ESZ26/ten_minutes/summary/-,column,measured,3,174,1.479594399977941,1.4638733,410781160,274,0,17111923,46082,1,4925db5150b95a1652baa9a9e047c75833143a1acd114117eebabcbeb9efb97a
ESZ26/day/bars/1m,duckdb,measured,3,175,0.6063943000044674,0.26509270002134144,,,,,,1380,ce4db5049a1ba454ae08fa7a9275da923c39998df446090f114d8fc48798818f
ESZ26/day/bars/1m,column,measured,3,176,1.5089959999895655,1.4915156,410781160,274,0,17111923,1663822,1380,ce4db5049a1ba454ae08fa7a9275da923c39998df446090f114d8fc48798818f
ESZ26/day/bars/1m,pruned,measured,3,177,0.19212760002119467,0.1692753,40026736,274,248,1663822,1663822,1380,ce4db5049a1ba454ae08fa7a9275da923c39998df446090f114d8fc48798818f
NQZ26/full/summary/-,duckdb,measured,3,178,0.5968692000024021,0.26570509996963665,,,,,,1,912e9eb917468d16f6aaeed1f836a1d45489ec5c4174ce4c3659da659a7089ac
NQZ26/full/summary/-,column,measured,3,179,0.7316078000003472,0.7175123,184659064,131,0,7692171,7692171,1,912e9eb917468d16f6aaeed1f836a1d45489ec5c4174ce4c3659da659a7089ac
NQZ26/full/summary/-,pruned,measured,3,180,0.7387577000190504,0.721399,184659064,131,0,7692171,7692171,1,912e9eb917468d16f6aaeed1f836a1d45489ec5c4174ce4c3659da659a7089ac
NQZ26/day/summary/-,column,measured,3,181,0.6447727000340819,0.6290313,184659064,131,0,7692171,731731,1,e6e3c25e92c70989561a89c23c85331f7a8788687143c40a1431043f241ffc2c
NQZ26/day/summary/-,pruned,measured,3,182,0.08710070000961423,0.0712807,17608504,131,119,731731,731731,1,e6e3c25e92c70989561a89c23c85331f7a8788687143c40a1431043f241ffc2c
NQZ26/day/summary/-,duckdb,measured,3,183,0.37595860002329573,0.031084699963685125,,,,,,1,e6e3c25e92c70989561a89c23c85331f7a8788687143c40a1431043f241ffc2c
NQZ26/ten_minutes/bars/1h,pruned,measured,3,184,0.02990050002699718,0.0145978,3192688,131,129,131072,19858,1,df3b50da996c3b943508ed61cb0606942dbd801e1dde0b30aabf8116c8a054b0
NQZ26/ten_minutes/bars/1h,duckdb,measured,3,185,0.32381979998899624,0.010005499992985278,,,,,,1,df3b50da996c3b943508ed61cb0606942dbd801e1dde0b30aabf8116c8a054b0
NQZ26/ten_minutes/bars/1h,column,measured,3,186,0.6510358999948949,0.6345096,184659064,131,0,7692171,19858,1,df3b50da996c3b943508ed61cb0606942dbd801e1dde0b30aabf8116c8a054b0
NQZ26/day/bars/1m,duckdb,measured,3,187,0.4499294999986887,0.13166180002735928,,,,,,1380,023e6e13fd6a1c88b65842323f13059f5a74c0b4e72112582b8b7819f25a521a
NQZ26/day/bars/1m,column,measured,3,188,0.6665019000065513,0.6493659,184659064,131,0,7692171,731731,1380,023e6e13fd6a1c88b65842323f13059f5a74c0b4e72112582b8b7819f25a521a
NQZ26/day/bars/1m,pruned,measured,3,189,0.10101849999045953,0.0846038,17608504,131,119,731731,731731,1380,023e6e13fd6a1c88b65842323f13059f5a74c0b4e72112582b8b7819f25a521a
ESZ26/day/bars/1h,column,measured,3,190,1.533701199979987,1.5169938,410781160,274,0,17111923,1663822,23,0ab687693333c92e3bbfd8cf494e853fa4c580ea11786eb71f762e3a5ac644bf
ESZ26/day/bars/1h,pruned,measured,3,191,0.17218679998768494,0.1584137,40026736,274,248,1663822,1663822,23,0ab687693333c92e3bbfd8cf494e853fa4c580ea11786eb71f762e3a5ac644bf
ESZ26/day/bars/1h,duckdb,measured,3,192,0.5646605999791063,0.24006909999297932,,,,,,23,0ab687693333c92e3bbfd8cf494e853fa4c580ea11786eb71f762e3a5ac644bf
ESZ26/full/bars/1h,duckdb,measured,3,193,2.7375251000048593,2.4149772999808192,,,,,,405,833f885466de93a08991d071a5319342002971ddd06eafd63d7b3dd9c3b8d35f
ESZ26/full/bars/1h,column,measured,3,194,1.6990415999898687,1.6852968,410781160,274,0,17111923,17111923,405,833f885466de93a08991d071a5319342002971ddd06eafd63d7b3dd9c3b8d35f
ESZ26/full/bars/1h,pruned,measured,3,195,1.6898763999924995,1.6743705,410781160,274,0,17111923,17111923,405,833f885466de93a08991d071a5319342002971ddd06eafd63d7b3dd9c3b8d35f
NQZ26/ten_minutes/flow/-,duckdb,measured,3,196,0.3206454000319354,0.007313299982342869,,,,,,1,80351e3dafe91d9377541e85042a0b293217c285b1e39b212cac5ef9074d48c3
NQZ26/ten_minutes/flow/-,column,measured,3,197,1.0612216999870725,1.0450076,307733800,131,0,7692171,19858,1,80351e3dafe91d9377541e85042a0b293217c285b1e39b212cac5ef9074d48c3
NQZ26/ten_minutes/flow/-,pruned,measured,3,198,0.03655150003032759,0.0216591,5289840,131,129,131072,19858,1,80351e3dafe91d9377541e85042a0b293217c285b1e39b212cac5ef9074d48c3
NQZ26/ten_minutes/bars/1m,column,measured,3,199,0.6467753000324592,0.6309711,184659064,131,0,7692171,19858,10,4b3e9bee9636be070134df558c9fc8683df10cb12d161c994e4a87074be2df9e
NQZ26/ten_minutes/bars/1m,pruned,measured,3,200,0.029424199950881302,0.0143592,3192688,131,129,131072,19858,10,4b3e9bee9636be070134df558c9fc8683df10cb12d161c994e4a87074be2df9e
NQZ26/ten_minutes/bars/1m,duckdb,measured,3,201,0.3240491999895312,0.010742300015408546,,,,,,10,4b3e9bee9636be070134df558c9fc8683df10cb12d161c994e4a87074be2df9e
NQZ26/day/flow/-,pruned,measured,3,202,0.126407100004144,0.1112053,29316200,131,119,731731,731731,1,37f6c86af36fad4c3f0574222020ee24b81f0a264768f1374d1a1665ecd6300a
NQZ26/day/flow/-,duckdb,measured,3,203,0.3596619000309147,0.0492394000175409,,,,,,1,37f6c86af36fad4c3f0574222020ee24b81f0a264768f1374d1a1665ecd6300a
NQZ26/day/flow/-,column,measured,3,204,1.0862832000129856,1.0673681,307733800,131,0,7692171,731731,1,37f6c86af36fad4c3f0574222020ee24b81f0a264768f1374d1a1665ecd6300a
ESZ26/day/summary/-,column,measured,3,205,1.4678231999860145,1.4521482,410781160,274,0,17111923,1663822,1,e9725edf2bc1c6ac9ee013143cc7e311ab751899a4c0b3eaf7ff543bf310ead3
ESZ26/day/summary/-,pruned,measured,3,206,0.174017500015907,0.1575132,40026736,274,248,1663822,1663822,1,e9725edf2bc1c6ac9ee013143cc7e311ab751899a4c0b3eaf7ff543bf310ead3
ESZ26/day/summary/-,duckdb,measured,3,207,0.3932090000016615,0.0630162000306882,,,,,,1,e9725edf2bc1c6ac9ee013143cc7e311ab751899a4c0b3eaf7ff543bf310ead3
NQZ26/full/bars/1m,pruned,measured,3,208,0.965311500011012,0.9431422,184659064,131,0,7692171,7692171,23485,e742a99e661eb774aa343b8c1a3c1ae9e3e3e4ae83bd235c6f6d9c29c08fa56b
NQZ26/full/bars/1m,duckdb,measured,3,209,1.794238000002224,1.462364399980288,,,,,,23485,e742a99e661eb774aa343b8c1a3c1ae9e3e3e4ae83bd235c6f6d9c29c08fa56b
NQZ26/full/bars/1m,column,measured,3,210,0.9792038999730721,0.9553347,184659064,131,0,7692171,7692171,23485,e742a99e661eb774aa343b8c1a3c1ae9e3e3e4ae83bd235c6f6d9c29c08fa56b
NQZ26/ten_minutes/summary/-,pruned,measured,3,211,0.03602179995505139,0.0183307,3192688,131,129,131072,19858,1,7cef7f69ace2a505ed309cc1c2b0370950aa5b9e9b9e6480447147eb773281bf
NQZ26/ten_minutes/summary/-,duckdb,measured,3,212,0.3945683999918401,0.006829300022218376,,,,,,1,7cef7f69ace2a505ed309cc1c2b0370950aa5b9e9b9e6480447147eb773281bf
NQZ26/ten_minutes/summary/-,column,measured,3,213,0.6562950999941677,0.6405419,184659064,131,0,7692171,19858,1,7cef7f69ace2a505ed309cc1c2b0370950aa5b9e9b9e6480447147eb773281bf
NQZ26/full/flow/-,column,measured,3,214,1.179200700018555,1.1628785,307733800,131,0,7692171,7692171,1,b037820dc90976fe06076b38f39d18262b0b679a36fc8a1406a0ae06220ecada
NQZ26/full/flow/-,pruned,measured,3,215,1.1622989000170492,1.1459775,307733800,131,0,7692171,7692171,1,b037820dc90976fe06076b38f39d18262b0b679a36fc8a1406a0ae06220ecada
NQZ26/full/flow/-,duckdb,measured,3,216,0.7809184999787249,0.45599940000101924,,,,,,1,b037820dc90976fe06076b38f39d18262b0b679a36fc8a1406a0ae06220ecada
NQZ26/full/bars/1m,duckdb,measured,4,217,1.8711108000134118,1.5358641999773681,,,,,,23485,e742a99e661eb774aa343b8c1a3c1ae9e3e3e4ae83bd235c6f6d9c29c08fa56b
NQZ26/full/bars/1m,column,measured,4,218,0.9950653999694623,0.9727309,184659064,131,0,7692171,7692171,23485,e742a99e661eb774aa343b8c1a3c1ae9e3e3e4ae83bd235c6f6d9c29c08fa56b
NQZ26/full/bars/1m,pruned,measured,4,219,0.9647217000019737,0.9425356,184659064,131,0,7692171,7692171,23485,e742a99e661eb774aa343b8c1a3c1ae9e3e3e4ae83bd235c6f6d9c29c08fa56b
ESZ26/day/bars/1m,column,measured,4,220,1.4934225999750197,1.4775425,410781160,274,0,17111923,1663822,1380,ce4db5049a1ba454ae08fa7a9275da923c39998df446090f114d8fc48798818f
ESZ26/day/bars/1m,pruned,measured,4,221,0.1894175999914296,0.1735286,40026736,274,248,1663822,1663822,1380,ce4db5049a1ba454ae08fa7a9275da923c39998df446090f114d8fc48798818f
ESZ26/day/bars/1m,duckdb,measured,4,222,0.5819673999794759,0.26098870002897456,,,,,,1380,ce4db5049a1ba454ae08fa7a9275da923c39998df446090f114d8fc48798818f
ESZ26/ten_minutes/flow/-,column,measured,4,223,2.3571225000196137,2.3412693,684571928,274,0,17111923,46082,1,84e77dff30bb8e76dd3d676d39cc856a6eac548a672cfc4974b0f44cdc2a5500
ESZ26/ten_minutes/flow/-,pruned,measured,4,224,0.03890660003526136,0.023443,5337888,274,272,131072,46082,1,84e77dff30bb8e76dd3d676d39cc856a6eac548a672cfc4974b0f44cdc2a5500
ESZ26/ten_minutes/flow/-,duckdb,measured,4,225,0.3187144999974407,0.008666800044011325,,,,,,1,84e77dff30bb8e76dd3d676d39cc856a6eac548a672cfc4974b0f44cdc2a5500
NQZ26/full/summary/-,column,measured,4,226,0.793885399994906,0.7783374,184659064,131,0,7692171,7692171,1,912e9eb917468d16f6aaeed1f836a1d45489ec5c4174ce4c3659da659a7089ac
NQZ26/full/summary/-,pruned,measured,4,227,0.7866287000360899,0.7710581,184659064,131,0,7692171,7692171,1,912e9eb917468d16f6aaeed1f836a1d45489ec5c4174ce4c3659da659a7089ac
NQZ26/full/summary/-,duckdb,measured,4,228,0.6479935999959707,0.2903881000238471,,,,,,1,912e9eb917468d16f6aaeed1f836a1d45489ec5c4174ce4c3659da659a7089ac
ESZ26/full/bars/1h,column,measured,4,229,1.8373571999836713,1.7646547,410781160,274,0,17111923,17111923,405,833f885466de93a08991d071a5319342002971ddd06eafd63d7b3dd9c3b8d35f
ESZ26/full/bars/1h,pruned,measured,4,230,1.7255269000306726,1.709909,410781160,274,0,17111923,17111923,405,833f885466de93a08991d071a5319342002971ddd06eafd63d7b3dd9c3b8d35f
ESZ26/full/bars/1h,duckdb,measured,4,231,2.6759611000306904,2.361038999981247,,,,,,405,833f885466de93a08991d071a5319342002971ddd06eafd63d7b3dd9c3b8d35f
ESZ26/day/summary/-,pruned,measured,4,232,0.17232979997061193,0.1569747,40026736,274,248,1663822,1663822,1,e9725edf2bc1c6ac9ee013143cc7e311ab751899a4c0b3eaf7ff543bf310ead3
ESZ26/day/summary/-,duckdb,measured,4,233,0.3694611999671906,0.06086260004667565,,,,,,1,e9725edf2bc1c6ac9ee013143cc7e311ab751899a4c0b3eaf7ff543bf310ead3
ESZ26/day/summary/-,column,measured,4,234,1.4537431999924593,1.439336,410781160,274,0,17111923,1663822,1,e9725edf2bc1c6ac9ee013143cc7e311ab751899a4c0b3eaf7ff543bf310ead3
NQZ26/day/bars/1m,column,measured,4,235,0.6476865999866277,0.6343535,184659064,131,0,7692171,731731,1380,023e6e13fd6a1c88b65842323f13059f5a74c0b4e72112582b8b7819f25a521a
NQZ26/day/bars/1m,pruned,measured,4,236,0.09928450000006706,0.0841243,17608504,131,119,731731,731731,1380,023e6e13fd6a1c88b65842323f13059f5a74c0b4e72112582b8b7819f25a521a
NQZ26/day/bars/1m,duckdb,measured,4,237,0.44293279998237267,0.1312906999955885,,,,,,1380,023e6e13fd6a1c88b65842323f13059f5a74c0b4e72112582b8b7819f25a521a
ESZ26/day/bars/1h,pruned,measured,4,238,0.17537869996158406,0.1607694,40026736,274,248,1663822,1663822,23,0ab687693333c92e3bbfd8cf494e853fa4c580ea11786eb71f762e3a5ac644bf
ESZ26/day/bars/1h,duckdb,measured,4,239,0.5597351000178605,0.24016220000339672,,,,,,23,0ab687693333c92e3bbfd8cf494e853fa4c580ea11786eb71f762e3a5ac644bf
ESZ26/day/bars/1h,column,measured,4,240,1.4704280000296421,1.4556963,410781160,274,0,17111923,1663822,23,0ab687693333c92e3bbfd8cf494e853fa4c580ea11786eb71f762e3a5ac644bf
NQZ26/ten_minutes/bars/1h,duckdb,measured,4,241,0.32840800000121817,0.00960970000596717,,,,,,1,df3b50da996c3b943508ed61cb0606942dbd801e1dde0b30aabf8116c8a054b0
NQZ26/ten_minutes/bars/1h,column,measured,4,242,0.6328700000303797,0.6176513,184659064,131,0,7692171,19858,1,df3b50da996c3b943508ed61cb0606942dbd801e1dde0b30aabf8116c8a054b0
NQZ26/ten_minutes/bars/1h,pruned,measured,4,243,0.030033099988941103,0.0142639,3192688,131,129,131072,19858,1,df3b50da996c3b943508ed61cb0606942dbd801e1dde0b30aabf8116c8a054b0
NQZ26/full/flow/-,pruned,measured,4,244,1.149595299968496,1.1328378,307733800,131,0,7692171,7692171,1,b037820dc90976fe06076b38f39d18262b0b679a36fc8a1406a0ae06220ecada
NQZ26/full/flow/-,duckdb,measured,4,245,0.7846930000232533,0.46876109996810555,,,,,,1,b037820dc90976fe06076b38f39d18262b0b679a36fc8a1406a0ae06220ecada
NQZ26/full/flow/-,column,measured,4,246,1.148552099999506,1.1315167,307733800,131,0,7692171,7692171,1,b037820dc90976fe06076b38f39d18262b0b679a36fc8a1406a0ae06220ecada
ESZ26/full/bars/1m,duckdb,measured,4,247,3.0805730000138283,2.750784100033343,,,,,,24104,4386409cb5a66110db1754b70f3517e9d1e5d70a9738216f664f3f4099650f38
ESZ26/full/bars/1m,column,measured,4,248,1.9088033000007272,1.8869845,410781160,274,0,17111923,17111923,24104,4386409cb5a66110db1754b70f3517e9d1e5d70a9738216f664f3f4099650f38
ESZ26/full/bars/1m,pruned,measured,4,249,1.8974459000164643,1.877496,410781160,274,0,17111923,17111923,24104,4386409cb5a66110db1754b70f3517e9d1e5d70a9738216f664f3f4099650f38
ESZ26/full/summary/-,column,measured,4,250,1.630726000003051,1.6163378,410781160,274,0,17111923,17111923,1,2524acf5f7f08f7f2f1e8ddf7e8b0e28f30c7c5bc8a4d3573edcbbf04d8a790a
ESZ26/full/summary/-,pruned,measured,4,251,1.6453452999703586,1.6304117,410781160,274,0,17111923,17111923,1,2524acf5f7f08f7f2f1e8ddf7e8b0e28f30c7c5bc8a4d3573edcbbf04d8a790a
ESZ26/full/summary/-,duckdb,measured,4,252,0.9103003999916837,0.5916432000230998,,,,,,1,2524acf5f7f08f7f2f1e8ddf7e8b0e28f30c7c5bc8a4d3573edcbbf04d8a790a
NQZ26/ten_minutes/bars/1m,pruned,measured,4,253,0.02994920004857704,0.0148027,3192688,131,129,131072,19858,10,4b3e9bee9636be070134df558c9fc8683df10cb12d161c994e4a87074be2df9e
NQZ26/ten_minutes/bars/1m,duckdb,measured,4,254,0.3216891000047326,0.009408299985807389,,,,,,10,4b3e9bee9636be070134df558c9fc8683df10cb12d161c994e4a87074be2df9e
NQZ26/ten_minutes/bars/1m,column,measured,4,255,0.6316049000015482,0.615358,184659064,131,0,7692171,19858,10,4b3e9bee9636be070134df558c9fc8683df10cb12d161c994e4a87074be2df9e
NQZ26/day/bars/1h,pruned,measured,4,256,0.08822420000797138,0.0723814,17608504,131,119,731731,731731,23,bef7c843a3d380330103c9f62350d18fe0469ddfc3645ce06341634a9c32edf6
NQZ26/day/bars/1h,duckdb,measured,4,257,0.4151558000012301,0.11034450004808605,,,,,,23,bef7c843a3d380330103c9f62350d18fe0469ddfc3645ce06341634a9c32edf6
NQZ26/day/bars/1h,column,measured,4,258,0.6431617999915034,0.6280455,184659064,131,0,7692171,731731,23,bef7c843a3d380330103c9f62350d18fe0469ddfc3645ce06341634a9c32edf6
NQZ26/full/bars/1h,column,measured,4,259,0.7393299000104889,0.7253517,184659064,131,0,7692171,7692171,405,bc166fd7b12108cc0740baf8431876e7ee76556167cc3097b9de59c5ceda5682
NQZ26/full/bars/1h,pruned,measured,4,260,0.742516300000716,0.7257004,184659064,131,0,7692171,7692171,405,bc166fd7b12108cc0740baf8431876e7ee76556167cc3097b9de59c5ceda5682
NQZ26/full/bars/1h,duckdb,measured,4,261,1.4098590000066906,1.0882450999924913,,,,,,405,bc166fd7b12108cc0740baf8431876e7ee76556167cc3097b9de59c5ceda5682
NQZ26/ten_minutes/summary/-,duckdb,measured,4,262,0.31316849996801466,0.005432800040580332,,,,,,1,7cef7f69ace2a505ed309cc1c2b0370950aa5b9e9b9e6480447147eb773281bf
NQZ26/ten_minutes/summary/-,column,measured,4,263,0.6311827999888919,0.6138743,184659064,131,0,7692171,19858,1,7cef7f69ace2a505ed309cc1c2b0370950aa5b9e9b9e6480447147eb773281bf
NQZ26/ten_minutes/summary/-,pruned,measured,4,264,0.02894480002578348,0.0142903,3192688,131,129,131072,19858,1,7cef7f69ace2a505ed309cc1c2b0370950aa5b9e9b9e6480447147eb773281bf
NQZ26/day/summary/-,pruned,measured,4,265,0.0837288000038825,0.0690939,17608504,131,119,731731,731731,1,e6e3c25e92c70989561a89c23c85331f7a8788687143c40a1431043f241ffc2c
NQZ26/day/summary/-,duckdb,measured,4,266,0.3302953999955207,0.030364400008693337,,,,,,1,e6e3c25e92c70989561a89c23c85331f7a8788687143c40a1431043f241ffc2c
NQZ26/day/summary/-,column,measured,4,267,0.63884919998236,0.6244677,184659064,131,0,7692171,731731,1,e6e3c25e92c70989561a89c23c85331f7a8788687143c40a1431043f241ffc2c
ESZ26/full/flow/-,pruned,measured,4,268,2.495203499973286,2.4805008,684571928,274,0,17111923,17111923,1,508854b9eeec3a12c14f674f7e1b69322f29cb088cd0c8cdbe5bdf83c0f51578
ESZ26/full/flow/-,duckdb,measured,4,269,1.243847800011281,0.9321451999712735,,,,,,1,508854b9eeec3a12c14f674f7e1b69322f29cb088cd0c8cdbe5bdf83c0f51578
ESZ26/full/flow/-,column,measured,4,270,2.494744100025855,2.4768162,684571928,274,0,17111923,17111923,1,508854b9eeec3a12c14f674f7e1b69322f29cb088cd0c8cdbe5bdf83c0f51578
ESZ26/day/flow/-,duckdb,measured,4,271,0.40896309999516234,0.09704120003152639,,,,,,1,4834e7227f05193a4dd689b0c5c51563556c2178899e1bdb6b769856083e6b9c
ESZ26/day/flow/-,column,measured,4,272,2.3058288999600336,2.2925109,684571928,274,0,17111923,1663822,1,4834e7227f05193a4dd689b0c5c51563556c2178899e1bdb6b769856083e6b9c
ESZ26/day/flow/-,pruned,measured,4,273,0.2599933000165038,0.2443634,66647888,274,248,1663822,1663822,1,4834e7227f05193a4dd689b0c5c51563556c2178899e1bdb6b769856083e6b9c
NQZ26/day/flow/-,duckdb,measured,4,274,0.3651698000030592,0.04992299998411909,,,,,,1,37f6c86af36fad4c3f0574222020ee24b81f0a264768f1374d1a1665ecd6300a
NQZ26/day/flow/-,column,measured,4,275,1.0588721000240184,1.0423091,307733800,131,0,7692171,731731,1,37f6c86af36fad4c3f0574222020ee24b81f0a264768f1374d1a1665ecd6300a
NQZ26/day/flow/-,pruned,measured,4,276,0.12454539997270331,0.1098879,29316200,131,119,731731,731731,1,37f6c86af36fad4c3f0574222020ee24b81f0a264768f1374d1a1665ecd6300a
ESZ26/ten_minutes/bars/1h,duckdb,measured,4,277,0.31654560001334175,0.01317579997703433,,,,,,1,e550b8ad4bf725f9fb18594215253c2181a957e63a7c89fcf1667216e0a4a966
ESZ26/ten_minutes/bars/1h,column,measured,4,278,1.427844299993012,1.4139848,410781160,274,0,17111923,46082,1,e550b8ad4bf725f9fb18594215253c2181a957e63a7c89fcf1667216e0a4a966
ESZ26/ten_minutes/bars/1h,pruned,measured,4,279,0.03062500001396984,0.0152187,3240736,274,272,131072,46082,1,e550b8ad4bf725f9fb18594215253c2181a957e63a7c89fcf1667216e0a4a966
ESZ26/ten_minutes/summary/-,duckdb,measured,4,280,0.30746810004347935,0.006775599962566048,,,,,,1,4925db5150b95a1652baa9a9e047c75833143a1acd114117eebabcbeb9efb97a
ESZ26/ten_minutes/summary/-,column,measured,4,281,1.4385509000276215,1.4200338,410781160,274,0,17111923,46082,1,4925db5150b95a1652baa9a9e047c75833143a1acd114117eebabcbeb9efb97a
ESZ26/ten_minutes/summary/-,pruned,measured,4,282,0.03123819996835664,0.0155189,3240736,274,272,131072,46082,1,4925db5150b95a1652baa9a9e047c75833143a1acd114117eebabcbeb9efb97a
ESZ26/ten_minutes/bars/1m,pruned,measured,4,283,0.03214530000695959,0.0159131,3240736,274,272,131072,46082,10,0d31b4d5491c1ebcb873e7b14fed1b423da80bea10b445108ccf13f74c51e396
ESZ26/ten_minutes/bars/1m,duckdb,measured,4,284,0.3283895999775268,0.013286800007335842,,,,,,10,0d31b4d5491c1ebcb873e7b14fed1b423da80bea10b445108ccf13f74c51e396
ESZ26/ten_minutes/bars/1m,column,measured,4,285,1.4226994999917224,1.4065819,410781160,274,0,17111923,46082,10,0d31b4d5491c1ebcb873e7b14fed1b423da80bea10b445108ccf13f74c51e396
NQZ26/ten_minutes/flow/-,column,measured,4,286,1.052114200021606,1.0361888,307733800,131,0,7692171,19858,1,80351e3dafe91d9377541e85042a0b293217c285b1e39b212cac5ef9074d48c3
NQZ26/ten_minutes/flow/-,pruned,measured,4,287,0.03639910003403202,0.0210101,5289840,131,129,131072,19858,1,80351e3dafe91d9377541e85042a0b293217c285b1e39b212cac5ef9074d48c3
NQZ26/ten_minutes/flow/-,duckdb,measured,4,288,0.3077328000217676,0.006741399993188679,,,,,,1,80351e3dafe91d9377541e85042a0b293217c285b1e39b212cac5ef9074d48c3
NQZ26/day/bars/1h,duckdb,measured,5,289,0.4158544999663718,0.11052149999886751,,,,,,23,bef7c843a3d380330103c9f62350d18fe0469ddfc3645ce06341634a9c32edf6
NQZ26/day/bars/1h,column,measured,5,290,0.6486497999867424,0.6176869,184659064,131,0,7692171,731731,23,bef7c843a3d380330103c9f62350d18fe0469ddfc3645ce06341634a9c32edf6
NQZ26/day/bars/1h,pruned,measured,5,291,0.08668600005330518,0.0709196,17608504,131,119,731731,731731,23,bef7c843a3d380330103c9f62350d18fe0469ddfc3645ce06341634a9c32edf6
NQZ26/ten_minutes/bars/1m,duckdb,measured,5,292,0.3186920000007376,0.009451599966268986,,,,,,10,4b3e9bee9636be070134df558c9fc8683df10cb12d161c994e4a87074be2df9e
NQZ26/ten_minutes/bars/1m,column,measured,5,293,0.6289075000095181,0.6127809,184659064,131,0,7692171,19858,10,4b3e9bee9636be070134df558c9fc8683df10cb12d161c994e4a87074be2df9e
NQZ26/ten_minutes/bars/1m,pruned,measured,5,294,0.03041609999490902,0.0153536,3192688,131,129,131072,19858,10,4b3e9bee9636be070134df558c9fc8683df10cb12d161c994e4a87074be2df9e
ESZ26/day/flow/-,column,measured,5,295,2.355884300020989,2.3276353,684571928,274,0,17111923,1663822,1,4834e7227f05193a4dd689b0c5c51563556c2178899e1bdb6b769856083e6b9c
ESZ26/day/flow/-,pruned,measured,5,296,0.2595840999856591,0.2446054,66647888,274,248,1663822,1663822,1,4834e7227f05193a4dd689b0c5c51563556c2178899e1bdb6b769856083e6b9c
ESZ26/day/flow/-,duckdb,measured,5,297,0.41222739999648184,0.09944910003105178,,,,,,1,4834e7227f05193a4dd689b0c5c51563556c2178899e1bdb6b769856083e6b9c
ESZ26/ten_minutes/bars/1h,column,measured,5,298,1.4451369000016712,1.4304745,410781160,274,0,17111923,46082,1,e550b8ad4bf725f9fb18594215253c2181a957e63a7c89fcf1667216e0a4a966
ESZ26/ten_minutes/bars/1h,pruned,measured,5,299,0.032318799989297986,0.0157816,3240736,274,272,131072,46082,1,e550b8ad4bf725f9fb18594215253c2181a957e63a7c89fcf1667216e0a4a966
ESZ26/ten_minutes/bars/1h,duckdb,measured,5,300,0.32912249997025356,0.01362490002065897,,,,,,1,e550b8ad4bf725f9fb18594215253c2181a957e63a7c89fcf1667216e0a4a966
ESZ26/day/bars/1h,duckdb,measured,5,301,0.6402215999551117,0.29247800004668534,,,,,,23,0ab687693333c92e3bbfd8cf494e853fa4c580ea11786eb71f762e3a5ac644bf
ESZ26/day/bars/1h,column,measured,5,302,1.6540969000197947,1.636403,410781160,274,0,17111923,1663822,23,0ab687693333c92e3bbfd8cf494e853fa4c580ea11786eb71f762e3a5ac644bf
ESZ26/day/bars/1h,pruned,measured,5,303,0.2122154000098817,0.1950239,40026736,274,248,1663822,1663822,23,0ab687693333c92e3bbfd8cf494e853fa4c580ea11786eb71f762e3a5ac644bf
ESZ26/ten_minutes/flow/-,pruned,measured,5,304,0.04546180000761524,0.0280884,5337888,274,272,131072,46082,1,84e77dff30bb8e76dd3d676d39cc856a6eac548a672cfc4974b0f44cdc2a5500
ESZ26/ten_minutes/flow/-,duckdb,measured,5,305,0.404709099966567,0.010410499991849065,,,,,,1,84e77dff30bb8e76dd3d676d39cc856a6eac548a672cfc4974b0f44cdc2a5500
ESZ26/ten_minutes/flow/-,column,measured,5,306,2.500830799981486,2.4851136,684571928,274,0,17111923,46082,1,84e77dff30bb8e76dd3d676d39cc856a6eac548a672cfc4974b0f44cdc2a5500
NQZ26/ten_minutes/bars/1h,column,measured,5,307,0.6437437999993563,0.6284418,184659064,131,0,7692171,19858,1,df3b50da996c3b943508ed61cb0606942dbd801e1dde0b30aabf8116c8a054b0
NQZ26/ten_minutes/bars/1h,pruned,measured,5,308,0.0308412000304088,0.0150221,3192688,131,129,131072,19858,1,df3b50da996c3b943508ed61cb0606942dbd801e1dde0b30aabf8116c8a054b0
NQZ26/ten_minutes/bars/1h,duckdb,measured,5,309,0.32645650004269555,0.00957850000122562,,,,,,1,df3b50da996c3b943508ed61cb0606942dbd801e1dde0b30aabf8116c8a054b0
NQZ26/day/bars/1m,pruned,measured,5,310,0.09881809999933466,0.0837035,17608504,131,119,731731,731731,1380,023e6e13fd6a1c88b65842323f13059f5a74c0b4e72112582b8b7819f25a521a
NQZ26/day/bars/1m,duckdb,measured,5,311,0.4458193000173196,0.13238179998006672,,,,,,1380,023e6e13fd6a1c88b65842323f13059f5a74c0b4e72112582b8b7819f25a521a
NQZ26/day/bars/1m,column,measured,5,312,0.6567856000037864,0.6399187,184659064,131,0,7692171,731731,1380,023e6e13fd6a1c88b65842323f13059f5a74c0b4e72112582b8b7819f25a521a
ESZ26/full/bars/1h,pruned,measured,5,313,1.6880176999839023,1.6677757,410781160,274,0,17111923,17111923,405,833f885466de93a08991d071a5319342002971ddd06eafd63d7b3dd9c3b8d35f
ESZ26/full/bars/1h,duckdb,measured,5,314,2.765466499957256,2.4366290000034496,,,,,,405,833f885466de93a08991d071a5319342002971ddd06eafd63d7b3dd9c3b8d35f
ESZ26/full/bars/1h,column,measured,5,315,1.682798099995125,1.6668072,410781160,274,0,17111923,17111923,405,833f885466de93a08991d071a5319342002971ddd06eafd63d7b3dd9c3b8d35f
NQZ26/ten_minutes/summary/-,column,measured,5,316,0.6377273999969475,0.6200333,184659064,131,0,7692171,19858,1,7cef7f69ace2a505ed309cc1c2b0370950aa5b9e9b9e6480447147eb773281bf
NQZ26/ten_minutes/summary/-,pruned,measured,5,317,0.03081269998801872,0.0144613,3192688,131,129,131072,19858,1,7cef7f69ace2a505ed309cc1c2b0370950aa5b9e9b9e6480447147eb773281bf
NQZ26/ten_minutes/summary/-,duckdb,measured,5,318,0.32411289995070547,0.005469599971547723,,,,,,1,7cef7f69ace2a505ed309cc1c2b0370950aa5b9e9b9e6480447147eb773281bf
NQZ26/full/bars/1m,column,measured,5,319,0.9622143000015058,0.9401306,184659064,131,0,7692171,7692171,23485,e742a99e661eb774aa343b8c1a3c1ae9e3e3e4ae83bd235c6f6d9c29c08fa56b
NQZ26/full/bars/1m,pruned,measured,5,320,0.946012599975802,0.9237651,184659064,131,0,7692171,7692171,23485,e742a99e661eb774aa343b8c1a3c1ae9e3e3e4ae83bd235c6f6d9c29c08fa56b
NQZ26/full/bars/1m,duckdb,measured,5,321,1.8047404999961145,1.4618884000228718,,,,,,23485,e742a99e661eb774aa343b8c1a3c1ae9e3e3e4ae83bd235c6f6d9c29c08fa56b
NQZ26/ten_minutes/flow/-,pruned,measured,5,322,0.03896789997816086,0.0216772,5289840,131,129,131072,19858,1,80351e3dafe91d9377541e85042a0b293217c285b1e39b212cac5ef9074d48c3
NQZ26/ten_minutes/flow/-,duckdb,measured,5,323,0.3075563999591395,0.007124499999918044,,,,,,1,80351e3dafe91d9377541e85042a0b293217c285b1e39b212cac5ef9074d48c3
NQZ26/ten_minutes/flow/-,column,measured,5,324,1.061798100010492,1.0437914,307733800,131,0,7692171,19858,1,80351e3dafe91d9377541e85042a0b293217c285b1e39b212cac5ef9074d48c3
NQZ26/day/summary/-,duckdb,measured,5,325,0.3505258000222966,0.030580700025893748,,,,,,1,e6e3c25e92c70989561a89c23c85331f7a8788687143c40a1431043f241ffc2c
NQZ26/day/summary/-,column,measured,5,326,0.6488660000031814,0.6331847,184659064,131,0,7692171,731731,1,e6e3c25e92c70989561a89c23c85331f7a8788687143c40a1431043f241ffc2c
NQZ26/day/summary/-,pruned,measured,5,327,0.08643190003931522,0.0709181,17608504,131,119,731731,731731,1,e6e3c25e92c70989561a89c23c85331f7a8788687143c40a1431043f241ffc2c
ESZ26/ten_minutes/summary/-,column,measured,5,328,1.4514951999881305,1.4357653,410781160,274,0,17111923,46082,1,4925db5150b95a1652baa9a9e047c75833143a1acd114117eebabcbeb9efb97a
ESZ26/ten_minutes/summary/-,pruned,measured,5,329,0.03055059997132048,0.0151212,3240736,274,272,131072,46082,1,4925db5150b95a1652baa9a9e047c75833143a1acd114117eebabcbeb9efb97a
ESZ26/ten_minutes/summary/-,duckdb,measured,5,330,0.3356430000276305,0.006943499960470945,,,,,,1,4925db5150b95a1652baa9a9e047c75833143a1acd114117eebabcbeb9efb97a
NQZ26/full/summary/-,pruned,measured,5,331,0.7230318000074476,0.708701,184659064,131,0,7692171,7692171,1,912e9eb917468d16f6aaeed1f836a1d45489ec5c4174ce4c3659da659a7089ac
NQZ26/full/summary/-,duckdb,measured,5,332,0.6231205000076443,0.30301169998710975,,,,,,1,912e9eb917468d16f6aaeed1f836a1d45489ec5c4174ce4c3659da659a7089ac
NQZ26/full/summary/-,column,measured,5,333,0.7362641000072472,0.7216682,184659064,131,0,7692171,7692171,1,912e9eb917468d16f6aaeed1f836a1d45489ec5c4174ce4c3659da659a7089ac
ESZ26/ten_minutes/bars/1m,duckdb,measured,5,334,0.323689499986358,0.014343899965751916,,,,,,10,0d31b4d5491c1ebcb873e7b14fed1b423da80bea10b445108ccf13f74c51e396
ESZ26/ten_minutes/bars/1m,column,measured,5,335,1.4410689999931492,1.4244273,410781160,274,0,17111923,46082,10,0d31b4d5491c1ebcb873e7b14fed1b423da80bea10b445108ccf13f74c51e396
ESZ26/ten_minutes/bars/1m,pruned,measured,5,336,0.0321863999706693,0.0152716,3240736,274,272,131072,46082,10,0d31b4d5491c1ebcb873e7b14fed1b423da80bea10b445108ccf13f74c51e396
ESZ26/full/flow/-,duckdb,measured,5,337,1.2678920999751426,0.9387290999875404,,,,,,1,508854b9eeec3a12c14f674f7e1b69322f29cb088cd0c8cdbe5bdf83c0f51578
ESZ26/full/flow/-,column,measured,5,338,2.520068400015589,2.5030777,684571928,274,0,17111923,17111923,1,508854b9eeec3a12c14f674f7e1b69322f29cb088cd0c8cdbe5bdf83c0f51578
ESZ26/full/flow/-,pruned,measured,5,339,2.5182913999888115,2.5012369,684571928,274,0,17111923,17111923,1,508854b9eeec3a12c14f674f7e1b69322f29cb088cd0c8cdbe5bdf83c0f51578
ESZ26/day/bars/1m,pruned,measured,5,340,0.18574139999691397,0.1708541,40026736,274,248,1663822,1663822,1380,ce4db5049a1ba454ae08fa7a9275da923c39998df446090f114d8fc48798818f
ESZ26/day/bars/1m,duckdb,measured,5,341,0.5684886000235565,0.26079590001609176,,,,,,1380,ce4db5049a1ba454ae08fa7a9275da923c39998df446090f114d8fc48798818f
ESZ26/day/bars/1m,column,measured,5,342,1.4782245000242256,1.4608879,410781160,274,0,17111923,1663822,1380,ce4db5049a1ba454ae08fa7a9275da923c39998df446090f114d8fc48798818f
ESZ26/full/bars/1m,column,measured,5,343,1.9035708999726921,1.8831297,410781160,274,0,17111923,17111923,24104,4386409cb5a66110db1754b70f3517e9d1e5d70a9738216f664f3f4099650f38
ESZ26/full/bars/1m,pruned,measured,5,344,1.923225300037302,1.9024394,410781160,274,0,17111923,17111923,24104,4386409cb5a66110db1754b70f3517e9d1e5d70a9738216f664f3f4099650f38
ESZ26/full/bars/1m,duckdb,measured,5,345,3.0811351999873295,2.7411731999600306,,,,,,24104,4386409cb5a66110db1754b70f3517e9d1e5d70a9738216f664f3f4099650f38
NQZ26/full/bars/1h,pruned,measured,5,346,0.7514870999730192,0.7360179,184659064,131,0,7692171,7692171,405,bc166fd7b12108cc0740baf8431876e7ee76556167cc3097b9de59c5ceda5682
NQZ26/full/bars/1h,duckdb,measured,5,347,1.4458334000082687,1.1183623999822885,,,,,,405,bc166fd7b12108cc0740baf8431876e7ee76556167cc3097b9de59c5ceda5682
NQZ26/full/bars/1h,column,measured,5,348,0.7490400999668054,0.7339234,184659064,131,0,7692171,7692171,405,bc166fd7b12108cc0740baf8431876e7ee76556167cc3097b9de59c5ceda5682
NQZ26/day/flow/-,column,measured,5,349,1.0627313000150025,1.0480243,307733800,131,0,7692171,731731,1,37f6c86af36fad4c3f0574222020ee24b81f0a264768f1374d1a1665ecd6300a
NQZ26/day/flow/-,pruned,measured,5,350,0.1243549000355415,0.1095407,29316200,131,119,731731,731731,1,37f6c86af36fad4c3f0574222020ee24b81f0a264768f1374d1a1665ecd6300a
NQZ26/day/flow/-,duckdb,measured,5,351,0.3757268999470398,0.05200470000272617,,,,,,1,37f6c86af36fad4c3f0574222020ee24b81f0a264768f1374d1a1665ecd6300a
ESZ26/full/summary/-,pruned,measured,5,352,1.651801100000739,1.6370554,410781160,274,0,17111923,17111923,1,2524acf5f7f08f7f2f1e8ddf7e8b0e28f30c7c5bc8a4d3573edcbbf04d8a790a
ESZ26/full/summary/-,duckdb,measured,5,353,0.9111540999729186,0.5958113999804482,,,,,,1,2524acf5f7f08f7f2f1e8ddf7e8b0e28f30c7c5bc8a4d3573edcbbf04d8a790a
ESZ26/full/summary/-,column,measured,5,354,1.668580199999269,1.652189,410781160,274,0,17111923,17111923,1,2524acf5f7f08f7f2f1e8ddf7e8b0e28f30c7c5bc8a4d3573edcbbf04d8a790a
ESZ26/day/summary/-,duckdb,measured,5,355,0.37710650003282353,0.06319940002867952,,,,,,1,e9725edf2bc1c6ac9ee013143cc7e311ab751899a4c0b3eaf7ff543bf310ead3
ESZ26/day/summary/-,column,measured,5,356,1.4601851999759674,1.4442185,410781160,274,0,17111923,1663822,1,e9725edf2bc1c6ac9ee013143cc7e311ab751899a4c0b3eaf7ff543bf310ead3
ESZ26/day/summary/-,pruned,measured,5,357,0.1730989000061527,0.1560611,40026736,274,248,1663822,1663822,1,e9725edf2bc1c6ac9ee013143cc7e311ab751899a4c0b3eaf7ff543bf310ead3
NQZ26/full/flow/-,duckdb,measured,5,358,0.7813706999877468,0.45569289999548346,,,,,,1,b037820dc90976fe06076b38f39d18262b0b679a36fc8a1406a0ae06220ecada
NQZ26/full/flow/-,column,measured,5,359,1.157481700007338,1.142059,307733800,131,0,7692171,7692171,1,b037820dc90976fe06076b38f39d18262b0b679a36fc8a1406a0ae06220ecada
NQZ26/full/flow/-,pruned,measured,5,360,1.1520430999808013,1.1352462,307733800,131,0,7692171,7692171,1,b037820dc90976fe06076b38f39d18262b0b679a36fc8a1406a0ae06220ecada
NQZ26/ten_minutes/summary/-,pruned,measured,6,361,0.028403399977833033,0.0143683,3192688,131,129,131072,19858,1,7cef7f69ace2a505ed309cc1c2b0370950aa5b9e9b9e6480447147eb773281bf
NQZ26/ten_minutes/summary/-,duckdb,measured,6,362,0.32614130002912134,0.005526099994312972,,,,,,1,7cef7f69ace2a505ed309cc1c2b0370950aa5b9e9b9e6480447147eb773281bf
NQZ26/ten_minutes/summary/-,column,measured,6,363,0.6359104000148363,0.6201493,184659064,131,0,7692171,19858,1,7cef7f69ace2a505ed309cc1c2b0370950aa5b9e9b9e6480447147eb773281bf
ESZ26/ten_minutes/flow/-,duckdb,measured,6,364,0.33799290005117655,0.00977110001258552,,,,,,1,84e77dff30bb8e76dd3d676d39cc856a6eac548a672cfc4974b0f44cdc2a5500
ESZ26/ten_minutes/flow/-,column,measured,6,365,2.4717934000073,2.4560669,684571928,274,0,17111923,46082,1,84e77dff30bb8e76dd3d676d39cc856a6eac548a672cfc4974b0f44cdc2a5500
ESZ26/ten_minutes/flow/-,pruned,measured,6,366,0.03712479997193441,0.0224291,5337888,274,272,131072,46082,1,84e77dff30bb8e76dd3d676d39cc856a6eac548a672cfc4974b0f44cdc2a5500
NQZ26/day/bars/1m,duckdb,measured,6,367,0.45242260000668466,0.13392659998498857,,,,,,1380,023e6e13fd6a1c88b65842323f13059f5a74c0b4e72112582b8b7819f25a521a
NQZ26/day/bars/1m,column,measured,6,368,0.6660480999853462,0.6508696,184659064,131,0,7692171,731731,1380,023e6e13fd6a1c88b65842323f13059f5a74c0b4e72112582b8b7819f25a521a
NQZ26/day/bars/1m,pruned,measured,6,369,0.11348060000455007,0.0908014,17608504,131,119,731731,731731,1380,023e6e13fd6a1c88b65842323f13059f5a74c0b4e72112582b8b7819f25a521a
NQZ26/full/bars/1m,pruned,measured,6,370,0.9796576999942772,0.9589437,184659064,131,0,7692171,7692171,23485,e742a99e661eb774aa343b8c1a3c1ae9e3e3e4ae83bd235c6f6d9c29c08fa56b
NQZ26/full/bars/1m,duckdb,measured,6,371,1.7967217999976128,1.4557438000338152,,,,,,23485,e742a99e661eb774aa343b8c1a3c1ae9e3e3e4ae83bd235c6f6d9c29c08fa56b
NQZ26/full/bars/1m,column,measured,6,372,0.975757899985183,0.9498235,184659064,131,0,7692171,7692171,23485,e742a99e661eb774aa343b8c1a3c1ae9e3e3e4ae83bd235c6f6d9c29c08fa56b
ESZ26/day/bars/1m,duckdb,measured,6,373,0.6884620999917388,0.31004930002382025,,,,,,1380,ce4db5049a1ba454ae08fa7a9275da923c39998df446090f114d8fc48798818f
ESZ26/day/bars/1m,column,measured,6,374,1.6254544999683276,1.6095538,410781160,274,0,17111923,1663822,1380,ce4db5049a1ba454ae08fa7a9275da923c39998df446090f114d8fc48798818f
ESZ26/day/bars/1m,pruned,measured,6,375,0.19867140002315864,0.1811272,40026736,274,248,1663822,1663822,1380,ce4db5049a1ba454ae08fa7a9275da923c39998df446090f114d8fc48798818f
ESZ26/ten_minutes/bars/1m,column,measured,6,376,1.5719367999699898,1.5551983,410781160,274,0,17111923,46082,10,0d31b4d5491c1ebcb873e7b14fed1b423da80bea10b445108ccf13f74c51e396
ESZ26/ten_minutes/bars/1m,pruned,measured,6,377,0.03535809996537864,0.015251,3240736,274,272,131072,46082,10,0d31b4d5491c1ebcb873e7b14fed1b423da80bea10b445108ccf13f74c51e396
ESZ26/ten_minutes/bars/1m,duckdb,measured,6,378,0.32896410004468635,0.013402800017502159,,,,,,10,0d31b4d5491c1ebcb873e7b14fed1b423da80bea10b445108ccf13f74c51e396
NQZ26/full/flow/-,column,measured,6,379,1.1557444999925792,1.1404201,307733800,131,0,7692171,7692171,1,b037820dc90976fe06076b38f39d18262b0b679a36fc8a1406a0ae06220ecada
NQZ26/full/flow/-,pruned,measured,6,380,1.1505275000235997,1.1352617,307733800,131,0,7692171,7692171,1,b037820dc90976fe06076b38f39d18262b0b679a36fc8a1406a0ae06220ecada
NQZ26/full/flow/-,duckdb,measured,6,381,0.7616867999895476,0.4539957999950275,,,,,,1,b037820dc90976fe06076b38f39d18262b0b679a36fc8a1406a0ae06220ecada
ESZ26/day/bars/1h,column,measured,6,382,1.4791854999493808,1.4625699,410781160,274,0,17111923,1663822,23,0ab687693333c92e3bbfd8cf494e853fa4c580ea11786eb71f762e3a5ac644bf
ESZ26/day/bars/1h,pruned,measured,6,383,0.18756629998097196,0.1700524,40026736,274,248,1663822,1663822,23,0ab687693333c92e3bbfd8cf494e853fa4c580ea11786eb71f762e3a5ac644bf
ESZ26/day/bars/1h,duckdb,measured,6,384,0.6304009000305086,0.2689047000021674,,,,,,23,0ab687693333c92e3bbfd8cf494e853fa4c580ea11786eb71f762e3a5ac644bf
ESZ26/full/summary/-,duckdb,measured,6,385,0.9197745000128634,0.598242099978961,,,,,,1,2524acf5f7f08f7f2f1e8ddf7e8b0e28f30c7c5bc8a4d3573edcbbf04d8a790a
ESZ26/full/summary/-,column,measured,6,386,1.6459704000153579,1.6294187,410781160,274,0,17111923,17111923,1,2524acf5f7f08f7f2f1e8ddf7e8b0e28f30c7c5bc8a4d3573edcbbf04d8a790a
ESZ26/full/summary/-,pruned,measured,6,387,1.6549317000317387,1.6390971,410781160,274,0,17111923,17111923,1,2524acf5f7f08f7f2f1e8ddf7e8b0e28f30c7c5bc8a4d3573edcbbf04d8a790a
ESZ26/day/flow/-,pruned,measured,6,388,0.25908930000150576,0.2448655,66647888,274,248,1663822,1663822,1,4834e7227f05193a4dd689b0c5c51563556c2178899e1bdb6b769856083e6b9c
ESZ26/day/flow/-,duckdb,measured,6,389,0.41313940001418814,0.09737790003418922,,,,,,1,4834e7227f05193a4dd689b0c5c51563556c2178899e1bdb6b769856083e6b9c
ESZ26/day/flow/-,column,measured,6,390,2.364457299991045,2.3485501,684571928,274,0,17111923,1663822,1,4834e7227f05193a4dd689b0c5c51563556c2178899e1bdb6b769856083e6b9c
NQZ26/day/flow/-,pruned,measured,6,391,0.1247082999907434,0.1099237,29316200,131,119,731731,731731,1,37f6c86af36fad4c3f0574222020ee24b81f0a264768f1374d1a1665ecd6300a
NQZ26/day/flow/-,duckdb,measured,6,392,0.36627020000014454,0.05039490002673119,,,,,,1,37f6c86af36fad4c3f0574222020ee24b81f0a264768f1374d1a1665ecd6300a
NQZ26/day/flow/-,column,measured,6,393,1.0690223000128753,1.0527482,307733800,131,0,7692171,731731,1,37f6c86af36fad4c3f0574222020ee24b81f0a264768f1374d1a1665ecd6300a
NQZ26/day/bars/1h,column,measured,6,394,0.6594183999695815,0.6369026,184659064,131,0,7692171,731731,23,bef7c843a3d380330103c9f62350d18fe0469ddfc3645ce06341634a9c32edf6
NQZ26/day/bars/1h,pruned,measured,6,395,0.08698309998726472,0.0728196,17608504,131,119,731731,731731,23,bef7c843a3d380330103c9f62350d18fe0469ddfc3645ce06341634a9c32edf6
NQZ26/day/bars/1h,duckdb,measured,6,396,0.42321939999237657,0.11016589996870607,,,,,,23,bef7c843a3d380330103c9f62350d18fe0469ddfc3645ce06341634a9c32edf6
ESZ26/day/summary/-,column,measured,6,397,1.4977795000304468,1.4803448,410781160,274,0,17111923,1663822,1,e9725edf2bc1c6ac9ee013143cc7e311ab751899a4c0b3eaf7ff543bf310ead3
ESZ26/day/summary/-,pruned,measured,6,398,0.17595830000936985,0.1596119,40026736,274,248,1663822,1663822,1,e9725edf2bc1c6ac9ee013143cc7e311ab751899a4c0b3eaf7ff543bf310ead3
ESZ26/day/summary/-,duckdb,measured,6,399,0.3942896000226028,0.06528409995371476,,,,,,1,e9725edf2bc1c6ac9ee013143cc7e311ab751899a4c0b3eaf7ff543bf310ead3
NQZ26/ten_minutes/bars/1h,pruned,measured,6,400,0.03199210000457242,0.0155462,3192688,131,129,131072,19858,1,df3b50da996c3b943508ed61cb0606942dbd801e1dde0b30aabf8116c8a054b0
NQZ26/ten_minutes/bars/1h,duckdb,measured,6,401,0.33065499999793246,0.010124600026756525,,,,,,1,df3b50da996c3b943508ed61cb0606942dbd801e1dde0b30aabf8116c8a054b0
NQZ26/ten_minutes/bars/1h,column,measured,6,402,0.6571132999961264,0.6407872,184659064,131,0,7692171,19858,1,df3b50da996c3b943508ed61cb0606942dbd801e1dde0b30aabf8116c8a054b0
ESZ26/ten_minutes/bars/1h,pruned,measured,6,403,0.03267400001641363,0.0161386,3240736,274,272,131072,46082,1,e550b8ad4bf725f9fb18594215253c2181a957e63a7c89fcf1667216e0a4a966
ESZ26/ten_minutes/bars/1h,duckdb,measured,6,404,0.3442676999839023,0.013167799974326044,,,,,,1,e550b8ad4bf725f9fb18594215253c2181a957e63a7c89fcf1667216e0a4a966
ESZ26/ten_minutes/bars/1h,column,measured,6,405,1.4452637000358663,1.4292541,410781160,274,0,17111923,46082,1,e550b8ad4bf725f9fb18594215253c2181a957e63a7c89fcf1667216e0a4a966
NQZ26/ten_minutes/flow/-,duckdb,measured,6,406,0.3163028000271879,0.007583400001749396,,,,,,1,80351e3dafe91d9377541e85042a0b293217c285b1e39b212cac5ef9074d48c3
NQZ26/ten_minutes/flow/-,column,measured,6,407,1.0621832000324503,1.0465607,307733800,131,0,7692171,19858,1,80351e3dafe91d9377541e85042a0b293217c285b1e39b212cac5ef9074d48c3
NQZ26/ten_minutes/flow/-,pruned,measured,6,408,0.038335899997036904,0.021913,5289840,131,129,131072,19858,1,80351e3dafe91d9377541e85042a0b293217c285b1e39b212cac5ef9074d48c3
NQZ26/day/summary/-,column,measured,6,409,0.6425687000155449,0.6264368,184659064,131,0,7692171,731731,1,e6e3c25e92c70989561a89c23c85331f7a8788687143c40a1431043f241ffc2c
NQZ26/day/summary/-,pruned,measured,6,410,0.09415550000267103,0.0708788,17608504,131,119,731731,731731,1,e6e3c25e92c70989561a89c23c85331f7a8788687143c40a1431043f241ffc2c
NQZ26/day/summary/-,duckdb,measured,6,411,0.33731360000092536,0.030526199960149825,,,,,,1,e6e3c25e92c70989561a89c23c85331f7a8788687143c40a1431043f241ffc2c
NQZ26/full/summary/-,duckdb,measured,6,412,0.588717800041195,0.27736850001383573,,,,,,1,912e9eb917468d16f6aaeed1f836a1d45489ec5c4174ce4c3659da659a7089ac
NQZ26/full/summary/-,column,measured,6,413,0.7256015000166371,0.7098391,184659064,131,0,7692171,7692171,1,912e9eb917468d16f6aaeed1f836a1d45489ec5c4174ce4c3659da659a7089ac
NQZ26/full/summary/-,pruned,measured,6,414,0.723018399963621,0.7056453,184659064,131,0,7692171,7692171,1,912e9eb917468d16f6aaeed1f836a1d45489ec5c4174ce4c3659da659a7089ac
ESZ26/full/bars/1h,duckdb,measured,6,415,2.72894030000316,2.4076167999883182,,,,,,405,833f885466de93a08991d071a5319342002971ddd06eafd63d7b3dd9c3b8d35f
ESZ26/full/bars/1h,column,measured,6,416,1.6970652000163682,1.6812867,410781160,274,0,17111923,17111923,405,833f885466de93a08991d071a5319342002971ddd06eafd63d7b3dd9c3b8d35f
ESZ26/full/bars/1h,pruned,measured,6,417,1.6823239999939688,1.6657182,410781160,274,0,17111923,17111923,405,833f885466de93a08991d071a5319342002971ddd06eafd63d7b3dd9c3b8d35f
NQZ26/full/bars/1h,duckdb,measured,6,418,1.4330140000092797,1.1105044999858364,,,,,,405,bc166fd7b12108cc0740baf8431876e7ee76556167cc3097b9de59c5ceda5682
NQZ26/full/bars/1h,column,measured,6,419,0.7529826000100002,0.7367491,184659064,131,0,7692171,7692171,405,bc166fd7b12108cc0740baf8431876e7ee76556167cc3097b9de59c5ceda5682
NQZ26/full/bars/1h,pruned,measured,6,420,0.749676699982956,0.7332336,184659064,131,0,7692171,7692171,405,bc166fd7b12108cc0740baf8431876e7ee76556167cc3097b9de59c5ceda5682
ESZ26/full/flow/-,column,measured,6,421,2.5051327999681234,2.4895486,684571928,274,0,17111923,17111923,1,508854b9eeec3a12c14f674f7e1b69322f29cb088cd0c8cdbe5bdf83c0f51578
ESZ26/full/flow/-,pruned,measured,6,422,2.501925199991092,2.4849034,684571928,274,0,17111923,17111923,1,508854b9eeec3a12c14f674f7e1b69322f29cb088cd0c8cdbe5bdf83c0f51578
ESZ26/full/flow/-,duckdb,measured,6,423,1.3485116999945603,1.0146953000221401,,,,,,1,508854b9eeec3a12c14f674f7e1b69322f29cb088cd0c8cdbe5bdf83c0f51578
NQZ26/ten_minutes/bars/1m,column,measured,6,424,0.6312705000163987,0.6147361,184659064,131,0,7692171,19858,10,4b3e9bee9636be070134df558c9fc8683df10cb12d161c994e4a87074be2df9e
NQZ26/ten_minutes/bars/1m,pruned,measured,6,425,0.029591300000902265,0.0143405,3192688,131,129,131072,19858,10,4b3e9bee9636be070134df558c9fc8683df10cb12d161c994e4a87074be2df9e
NQZ26/ten_minutes/bars/1m,duckdb,measured,6,426,0.3130120999994688,0.009347999992314726,,,,,,10,4b3e9bee9636be070134df558c9fc8683df10cb12d161c994e4a87074be2df9e
ESZ26/full/bars/1m,pruned,measured,6,427,1.9050613000290468,1.8836782,410781160,274,0,17111923,17111923,24104,4386409cb5a66110db1754b70f3517e9d1e5d70a9738216f664f3f4099650f38
ESZ26/full/bars/1m,duckdb,measured,6,428,3.1275728000327945,2.7953407000168227,,,,,,24104,4386409cb5a66110db1754b70f3517e9d1e5d70a9738216f664f3f4099650f38
ESZ26/full/bars/1m,column,measured,6,429,1.9529924999806099,1.92909,410781160,274,0,17111923,17111923,24104,4386409cb5a66110db1754b70f3517e9d1e5d70a9738216f664f3f4099650f38
ESZ26/ten_minutes/summary/-,pruned,measured,6,430,0.03515559999505058,0.0155925,3240736,274,272,131072,46082,1,4925db5150b95a1652baa9a9e047c75833143a1acd114117eebabcbeb9efb97a
ESZ26/ten_minutes/summary/-,duckdb,measured,6,431,0.3326340999919921,0.007031499990262091,,,,,,1,4925db5150b95a1652baa9a9e047c75833143a1acd114117eebabcbeb9efb97a
ESZ26/ten_minutes/summary/-,column,measured,6,432,1.5077283999999054,1.4946656,410781160,274,0,17111923,46082,1,4925db5150b95a1652baa9a9e047c75833143a1acd114117eebabcbeb9efb97a
ESZ26/day/flow/-,duckdb,measured,7,433,0.44717070000479,0.10783439996885136,,,,,,1,4834e7227f05193a4dd689b0c5c51563556c2178899e1bdb6b769856083e6b9c
ESZ26/day/flow/-,column,measured,7,434,2.400879300024826,2.3863315,684571928,274,0,17111923,1663822,1,4834e7227f05193a4dd689b0c5c51563556c2178899e1bdb6b769856083e6b9c
ESZ26/day/flow/-,pruned,measured,7,435,0.27952090004691854,0.2601727,66647888,274,248,1663822,1663822,1,4834e7227f05193a4dd689b0c5c51563556c2178899e1bdb6b769856083e6b9c
NQZ26/ten_minutes/summary/-,duckdb,measured,7,436,0.3194768000394106,0.005439699976705015,,,,,,1,7cef7f69ace2a505ed309cc1c2b0370950aa5b9e9b9e6480447147eb773281bf
NQZ26/ten_minutes/summary/-,column,measured,7,437,0.6343615999794565,0.6178412,184659064,131,0,7692171,19858,1,7cef7f69ace2a505ed309cc1c2b0370950aa5b9e9b9e6480447147eb773281bf
NQZ26/ten_minutes/summary/-,pruned,measured,7,438,0.08580719999736175,0.0141183,3192688,131,129,131072,19858,1,7cef7f69ace2a505ed309cc1c2b0370950aa5b9e9b9e6480447147eb773281bf
ESZ26/full/bars/1m,duckdb,measured,7,439,3.115353500004858,2.7930087000131607,,,,,,24104,4386409cb5a66110db1754b70f3517e9d1e5d70a9738216f664f3f4099650f38
ESZ26/full/bars/1m,column,measured,7,440,1.915734100039117,1.8863865,410781160,274,0,17111923,17111923,24104,4386409cb5a66110db1754b70f3517e9d1e5d70a9738216f664f3f4099650f38
ESZ26/full/bars/1m,pruned,measured,7,441,1.9033669999917038,1.8811206,410781160,274,0,17111923,17111923,24104,4386409cb5a66110db1754b70f3517e9d1e5d70a9738216f664f3f4099650f38
ESZ26/day/bars/1h,pruned,measured,7,442,0.17744200001470745,0.1609127,40026736,274,248,1663822,1663822,23,0ab687693333c92e3bbfd8cf494e853fa4c580ea11786eb71f762e3a5ac644bf
ESZ26/day/bars/1h,duckdb,measured,7,443,0.5496869999915361,0.2390218999935314,,,,,,23,0ab687693333c92e3bbfd8cf494e853fa4c580ea11786eb71f762e3a5ac644bf
ESZ26/day/bars/1h,column,measured,7,444,1.4636816999991424,1.4489525,410781160,274,0,17111923,1663822,23,0ab687693333c92e3bbfd8cf494e853fa4c580ea11786eb71f762e3a5ac644bf
ESZ26/ten_minutes/bars/1h,duckdb,measured,7,445,0.34398860001238063,0.01353749999543652,,,,,,1,e550b8ad4bf725f9fb18594215253c2181a957e63a7c89fcf1667216e0a4a966
ESZ26/ten_minutes/bars/1h,column,measured,7,446,1.4813047000207007,1.4658334,410781160,274,0,17111923,46082,1,e550b8ad4bf725f9fb18594215253c2181a957e63a7c89fcf1667216e0a4a966
ESZ26/ten_minutes/bars/1h,pruned,measured,7,447,0.03240819997154176,0.0155916,3240736,274,272,131072,46082,1,e550b8ad4bf725f9fb18594215253c2181a957e63a7c89fcf1667216e0a4a966
NQZ26/day/summary/-,pruned,measured,7,448,0.08645619999151677,0.0713972,17608504,131,119,731731,731731,1,e6e3c25e92c70989561a89c23c85331f7a8788687143c40a1431043f241ffc2c
NQZ26/day/summary/-,duckdb,measured,7,449,0.34821679996093735,0.030358800024259835,,,,,,1,e6e3c25e92c70989561a89c23c85331f7a8788687143c40a1431043f241ffc2c
NQZ26/day/summary/-,column,measured,7,450,0.6423091000178829,0.6267402,184659064,131,0,7692171,731731,1,e6e3c25e92c70989561a89c23c85331f7a8788687143c40a1431043f241ffc2c
NQZ26/full/summary/-,column,measured,7,451,0.7223619999713264,0.707188,184659064,131,0,7692171,7692171,1,912e9eb917468d16f6aaeed1f836a1d45489ec5c4174ce4c3659da659a7089ac
NQZ26/full/summary/-,pruned,measured,7,452,0.7435611000400968,0.7108208,184659064,131,0,7692171,7692171,1,912e9eb917468d16f6aaeed1f836a1d45489ec5c4174ce4c3659da659a7089ac
NQZ26/full/summary/-,duckdb,measured,7,453,0.6102880999678746,0.2631823999690823,,,,,,1,912e9eb917468d16f6aaeed1f836a1d45489ec5c4174ce4c3659da659a7089ac
ESZ26/full/bars/1h,column,measured,7,454,1.7301156999892555,1.7150189,410781160,274,0,17111923,17111923,405,833f885466de93a08991d071a5319342002971ddd06eafd63d7b3dd9c3b8d35f
ESZ26/full/bars/1h,pruned,measured,7,455,1.6855756000149995,1.6701009,410781160,274,0,17111923,17111923,405,833f885466de93a08991d071a5319342002971ddd06eafd63d7b3dd9c3b8d35f
ESZ26/full/bars/1h,duckdb,measured,7,456,2.7128351000137627,2.3922707000165246,,,,,,405,833f885466de93a08991d071a5319342002971ddd06eafd63d7b3dd9c3b8d35f
NQZ26/ten_minutes/bars/1m,pruned,measured,7,457,0.030291799979750067,0.0145834,3192688,131,129,131072,19858,10,4b3e9bee9636be070134df558c9fc8683df10cb12d161c994e4a87074be2df9e
NQZ26/ten_minutes/bars/1m,duckdb,measured,7,458,0.3256716000032611,0.009787200018763542,,,,,,10,4b3e9bee9636be070134df558c9fc8683df10cb12d161c994e4a87074be2df9e
NQZ26/ten_minutes/bars/1m,column,measured,7,459,0.6290491000399925,0.6149031,184659064,131,0,7692171,19858,10,4b3e9bee9636be070134df558c9fc8683df10cb12d161c994e4a87074be2df9e
ESZ26/day/summary/-,pruned,measured,7,460,0.17917919997125864,0.154435,40026736,274,248,1663822,1663822,1,e9725edf2bc1c6ac9ee013143cc7e311ab751899a4c0b3eaf7ff543bf310ead3
ESZ26/day/summary/-,duckdb,measured,7,461,0.3774305000551976,0.06272839999292046,,,,,,1,e9725edf2bc1c6ac9ee013143cc7e311ab751899a4c0b3eaf7ff543bf310ead3
ESZ26/day/summary/-,column,measured,7,462,1.4589913999661803,1.4433003,410781160,274,0,17111923,1663822,1,e9725edf2bc1c6ac9ee013143cc7e311ab751899a4c0b3eaf7ff543bf310ead3
NQZ26/full/bars/1m,duckdb,measured,7,463,2.020575199974701,1.6762572000152431,,,,,,23485,e742a99e661eb774aa343b8c1a3c1ae9e3e3e4ae83bd235c6f6d9c29c08fa56b
NQZ26/full/bars/1m,column,measured,7,464,0.9900049000279978,0.9649923,184659064,131,0,7692171,7692171,23485,e742a99e661eb774aa343b8c1a3c1ae9e3e3e4ae83bd235c6f6d9c29c08fa56b
NQZ26/full/bars/1m,pruned,measured,7,465,0.9905417999834754,0.9675551,184659064,131,0,7692171,7692171,23485,e742a99e661eb774aa343b8c1a3c1ae9e3e3e4ae83bd235c6f6d9c29c08fa56b
NQZ26/day/flow/-,duckdb,measured,7,466,0.3808028000057675,0.05271530000027269,,,,,,1,37f6c86af36fad4c3f0574222020ee24b81f0a264768f1374d1a1665ecd6300a
NQZ26/day/flow/-,column,measured,7,467,1.0687924000085331,1.0528183,307733800,131,0,7692171,731731,1,37f6c86af36fad4c3f0574222020ee24b81f0a264768f1374d1a1665ecd6300a
NQZ26/day/flow/-,pruned,measured,7,468,0.12316610000561923,0.1086204,29316200,131,119,731731,731731,1,37f6c86af36fad4c3f0574222020ee24b81f0a264768f1374d1a1665ecd6300a
ESZ26/ten_minutes/flow/-,column,measured,7,469,2.334879899979569,2.3180197,684571928,274,0,17111923,46082,1,84e77dff30bb8e76dd3d676d39cc856a6eac548a672cfc4974b0f44cdc2a5500
ESZ26/ten_minutes/flow/-,pruned,measured,7,470,0.03828450001310557,0.0222201,5337888,274,272,131072,46082,1,84e77dff30bb8e76dd3d676d39cc856a6eac548a672cfc4974b0f44cdc2a5500
ESZ26/ten_minutes/flow/-,duckdb,measured,7,471,0.3197855000034906,0.008621900051366538,,,,,,1,84e77dff30bb8e76dd3d676d39cc856a6eac548a672cfc4974b0f44cdc2a5500
ESZ26/full/flow/-,pruned,measured,7,472,2.5139371000113897,2.4967042,684571928,274,0,17111923,17111923,1,508854b9eeec3a12c14f674f7e1b69322f29cb088cd0c8cdbe5bdf83c0f51578
ESZ26/full/flow/-,duckdb,measured,7,473,1.2394160999683663,0.9028327999985777,,,,,,1,508854b9eeec3a12c14f674f7e1b69322f29cb088cd0c8cdbe5bdf83c0f51578
ESZ26/full/flow/-,column,measured,7,474,2.535504999978002,2.5052203,684571928,274,0,17111923,17111923,1,508854b9eeec3a12c14f674f7e1b69322f29cb088cd0c8cdbe5bdf83c0f51578
NQZ26/full/flow/-,pruned,measured,7,475,1.1511471000267193,1.1275337,307733800,131,0,7692171,7692171,1,b037820dc90976fe06076b38f39d18262b0b679a36fc8a1406a0ae06220ecada
NQZ26/full/flow/-,duckdb,measured,7,476,0.7873358000069857,0.4615617999807,,,,,,1,b037820dc90976fe06076b38f39d18262b0b679a36fc8a1406a0ae06220ecada
NQZ26/full/flow/-,column,measured,7,477,1.1420657999697141,1.1270761,307733800,131,0,7692171,7692171,1,b037820dc90976fe06076b38f39d18262b0b679a36fc8a1406a0ae06220ecada
NQZ26/full/bars/1h,column,measured,7,478,0.7479577000485733,0.7327542,184659064,131,0,7692171,7692171,405,bc166fd7b12108cc0740baf8431876e7ee76556167cc3097b9de59c5ceda5682
NQZ26/full/bars/1h,pruned,measured,7,479,0.7423294999753125,0.7265656,184659064,131,0,7692171,7692171,405,bc166fd7b12108cc0740baf8431876e7ee76556167cc3097b9de59c5ceda5682
NQZ26/full/bars/1h,duckdb,measured,7,480,1.417806199984625,1.1046263000462204,,,,,,405,bc166fd7b12108cc0740baf8431876e7ee76556167cc3097b9de59c5ceda5682
ESZ26/ten_minutes/summary/-,duckdb,measured,7,481,0.3177951000398025,0.0065744000021368265,,,,,,1,4925db5150b95a1652baa9a9e047c75833143a1acd114117eebabcbeb9efb97a
ESZ26/ten_minutes/summary/-,column,measured,7,482,1.4542784999939613,1.4380931,410781160,274,0,17111923,46082,1,4925db5150b95a1652baa9a9e047c75833143a1acd114117eebabcbeb9efb97a
ESZ26/ten_minutes/summary/-,pruned,measured,7,483,0.03677080001216382,0.0151551,3240736,274,272,131072,46082,1,4925db5150b95a1652baa9a9e047c75833143a1acd114117eebabcbeb9efb97a
ESZ26/ten_minutes/bars/1m,pruned,measured,7,484,0.031308699981309474,0.0153166,3240736,274,272,131072,46082,10,0d31b4d5491c1ebcb873e7b14fed1b423da80bea10b445108ccf13f74c51e396
ESZ26/ten_minutes/bars/1m,duckdb,measured,7,485,0.35204259998863563,0.01348710001911968,,,,,,10,0d31b4d5491c1ebcb873e7b14fed1b423da80bea10b445108ccf13f74c51e396
ESZ26/ten_minutes/bars/1m,column,measured,7,486,1.4639481999911368,1.4469185,410781160,274,0,17111923,46082,10,0d31b4d5491c1ebcb873e7b14fed1b423da80bea10b445108ccf13f74c51e396
NQZ26/day/bars/1h,pruned,measured,7,487,0.08770660002483055,0.0716847,17608504,131,119,731731,731731,23,bef7c843a3d380330103c9f62350d18fe0469ddfc3645ce06341634a9c32edf6
NQZ26/day/bars/1h,duckdb,measured,7,488,0.4316769000142813,0.11212619999423623,,,,,,23,bef7c843a3d380330103c9f62350d18fe0469ddfc3645ce06341634a9c32edf6
NQZ26/day/bars/1h,column,measured,7,489,0.6553953000111505,0.6398021,184659064,131,0,7692171,731731,23,bef7c843a3d380330103c9f62350d18fe0469ddfc3645ce06341634a9c32edf6
NQZ26/ten_minutes/flow/-,column,measured,7,490,1.1692643000278622,1.1540335,307733800,131,0,7692171,19858,1,80351e3dafe91d9377541e85042a0b293217c285b1e39b212cac5ef9074d48c3
NQZ26/ten_minutes/flow/-,pruned,measured,7,491,0.04244099999777973,0.0249173,5289840,131,129,131072,19858,1,80351e3dafe91d9377541e85042a0b293217c285b1e39b212cac5ef9074d48c3
NQZ26/ten_minutes/flow/-,duckdb,measured,7,492,0.36437239998485893,0.009403900010511279,,,,,,1,80351e3dafe91d9377541e85042a0b293217c285b1e39b212cac5ef9074d48c3
NQZ26/ten_minutes/bars/1h,duckdb,measured,7,493,0.346206100017298,0.010187799984123558,,,,,,1,df3b50da996c3b943508ed61cb0606942dbd801e1dde0b30aabf8116c8a054b0
NQZ26/ten_minutes/bars/1h,column,measured,7,494,0.7734123999834992,0.7563355,184659064,131,0,7692171,19858,1,df3b50da996c3b943508ed61cb0606942dbd801e1dde0b30aabf8116c8a054b0
NQZ26/ten_minutes/bars/1h,pruned,measured,7,495,0.0377590999705717,0.019389,3192688,131,129,131072,19858,1,df3b50da996c3b943508ed61cb0606942dbd801e1dde0b30aabf8116c8a054b0
ESZ26/day/bars/1m,column,measured,7,496,1.712302100029774,1.6956198,410781160,274,0,17111923,1663822,1380,ce4db5049a1ba454ae08fa7a9275da923c39998df446090f114d8fc48798818f
ESZ26/day/bars/1m,pruned,measured,7,497,0.215748300019186,0.1986719,40026736,274,248,1663822,1663822,1380,ce4db5049a1ba454ae08fa7a9275da923c39998df446090f114d8fc48798818f
ESZ26/day/bars/1m,duckdb,measured,7,498,0.6268377000233158,0.2758974999887869,,,,,,1380,ce4db5049a1ba454ae08fa7a9275da923c39998df446090f114d8fc48798818f
NQZ26/day/bars/1m,column,measured,7,499,0.7137507000006735,0.6939231,184659064,131,0,7692171,731731,1380,023e6e13fd6a1c88b65842323f13059f5a74c0b4e72112582b8b7819f25a521a
NQZ26/day/bars/1m,pruned,measured,7,500,0.1322607999900356,0.1143801,17608504,131,119,731731,731731,1380,023e6e13fd6a1c88b65842323f13059f5a74c0b4e72112582b8b7819f25a521a
NQZ26/day/bars/1m,duckdb,measured,7,501,0.5103451999602839,0.13825230003567412,,,,,,1380,023e6e13fd6a1c88b65842323f13059f5a74c0b4e72112582b8b7819f25a521a
ESZ26/full/summary/-,column,measured,7,502,1.668603099999018,1.6525003,410781160,274,0,17111923,17111923,1,2524acf5f7f08f7f2f1e8ddf7e8b0e28f30c7c5bc8a4d3573edcbbf04d8a790a
ESZ26/full/summary/-,pruned,measured,7,503,1.7088642000453547,1.6908922,410781160,274,0,17111923,17111923,1,2524acf5f7f08f7f2f1e8ddf7e8b0e28f30c7c5bc8a4d3573edcbbf04d8a790a
ESZ26/full/summary/-,duckdb,measured,7,504,1.000419799995143,0.6681573999812827,,,,,,1,2524acf5f7f08f7f2f1e8ddf7e8b0e28f30c7c5bc8a4d3573edcbbf04d8a790a
NQZ26/ten_minutes/flow/-,pruned,measured,8,505,0.0371822000015527,0.0227481,5289840,131,129,131072,19858,1,80351e3dafe91d9377541e85042a0b293217c285b1e39b212cac5ef9074d48c3
NQZ26/ten_minutes/flow/-,duckdb,measured,8,506,0.3302313999738544,0.007603100035339594,,,,,,1,80351e3dafe91d9377541e85042a0b293217c285b1e39b212cac5ef9074d48c3
NQZ26/ten_minutes/flow/-,column,measured,8,507,1.1267206000047736,1.111292,307733800,131,0,7692171,19858,1,80351e3dafe91d9377541e85042a0b293217c285b1e39b212cac5ef9074d48c3
ESZ26/full/bars/1h,pruned,measured,8,508,1.7664014999754727,1.7493701,410781160,274,0,17111923,17111923,405,833f885466de93a08991d071a5319342002971ddd06eafd63d7b3dd9c3b8d35f
ESZ26/full/bars/1h,duckdb,measured,8,509,2.8058392999810167,2.4785499999998137,,,,,,405,833f885466de93a08991d071a5319342002971ddd06eafd63d7b3dd9c3b8d35f
ESZ26/full/bars/1h,column,measured,8,510,1.7423981999745592,1.7259997,410781160,274,0,17111923,17111923,405,833f885466de93a08991d071a5319342002971ddd06eafd63d7b3dd9c3b8d35f
ESZ26/full/flow/-,duckdb,measured,8,511,1.2867343000252731,0.9512309999554418,,,,,,1,508854b9eeec3a12c14f674f7e1b69322f29cb088cd0c8cdbe5bdf83c0f51578
ESZ26/full/flow/-,column,measured,8,512,2.82503289997112,2.8099473,684571928,274,0,17111923,17111923,1,508854b9eeec3a12c14f674f7e1b69322f29cb088cd0c8cdbe5bdf83c0f51578
ESZ26/full/flow/-,pruned,measured,8,513,2.793690799968317,2.7778121,684571928,274,0,17111923,17111923,1,508854b9eeec3a12c14f674f7e1b69322f29cb088cd0c8cdbe5bdf83c0f51578
NQZ26/day/flow/-,column,measured,8,514,1.1568209999823011,1.1378425,307733800,131,0,7692171,731731,1,37f6c86af36fad4c3f0574222020ee24b81f0a264768f1374d1a1665ecd6300a
NQZ26/day/flow/-,pruned,measured,8,515,0.133859499997925,0.117394,29316200,131,119,731731,731731,1,37f6c86af36fad4c3f0574222020ee24b81f0a264768f1374d1a1665ecd6300a
NQZ26/day/flow/-,duckdb,measured,8,516,0.3954435999621637,0.05365330004133284,,,,,,1,37f6c86af36fad4c3f0574222020ee24b81f0a264768f1374d1a1665ecd6300a
NQZ26/full/bars/1h,pruned,measured,8,517,0.7589001999585889,0.7436842,184659064,131,0,7692171,7692171,405,bc166fd7b12108cc0740baf8431876e7ee76556167cc3097b9de59c5ceda5682
NQZ26/full/bars/1h,duckdb,measured,8,518,1.4724941999884322,1.1418901000288315,,,,,,405,bc166fd7b12108cc0740baf8431876e7ee76556167cc3097b9de59c5ceda5682
NQZ26/full/bars/1h,column,measured,8,519,0.7582108000060543,0.7436402,184659064,131,0,7692171,7692171,405,bc166fd7b12108cc0740baf8431876e7ee76556167cc3097b9de59c5ceda5682
NQZ26/day/bars/1m,pruned,measured,8,520,0.10156500001903623,0.0849413,17608504,131,119,731731,731731,1380,023e6e13fd6a1c88b65842323f13059f5a74c0b4e72112582b8b7819f25a521a
NQZ26/day/bars/1m,duckdb,measured,8,521,0.45804120000684634,0.14093270001467317,,,,,,1380,023e6e13fd6a1c88b65842323f13059f5a74c0b4e72112582b8b7819f25a521a
NQZ26/day/bars/1m,column,measured,8,522,0.6722217000206001,0.6556046,184659064,131,0,7692171,731731,1380,023e6e13fd6a1c88b65842323f13059f5a74c0b4e72112582b8b7819f25a521a
ESZ26/day/bars/1h,duckdb,measured,8,523,0.590269599983003,0.24967109999852255,,,,,,23,0ab687693333c92e3bbfd8cf494e853fa4c580ea11786eb71f762e3a5ac644bf
ESZ26/day/bars/1h,column,measured,8,524,1.496215699997265,1.48141,410781160,274,0,17111923,1663822,23,0ab687693333c92e3bbfd8cf494e853fa4c580ea11786eb71f762e3a5ac644bf
ESZ26/day/bars/1h,pruned,measured,8,525,0.17745540000032634,0.1618681,40026736,274,248,1663822,1663822,23,0ab687693333c92e3bbfd8cf494e853fa4c580ea11786eb71f762e3a5ac644bf
ESZ26/day/bars/1m,pruned,measured,8,526,0.1879233000217937,0.1723243,40026736,274,248,1663822,1663822,1380,ce4db5049a1ba454ae08fa7a9275da923c39998df446090f114d8fc48798818f
ESZ26/day/bars/1m,duckdb,measured,8,527,0.5844416000181809,0.2707512999768369,,,,,,1380,ce4db5049a1ba454ae08fa7a9275da923c39998df446090f114d8fc48798818f
ESZ26/day/bars/1m,column,measured,8,528,1.5320564999710768,1.5169297,410781160,274,0,17111923,1663822,1380,ce4db5049a1ba454ae08fa7a9275da923c39998df446090f114d8fc48798818f
NQZ26/day/bars/1h,duckdb,measured,8,529,0.4307831000187434,0.11617870000191033,,,,,,23,bef7c843a3d380330103c9f62350d18fe0469ddfc3645ce06341634a9c32edf6
NQZ26/day/bars/1h,column,measured,8,530,0.6743945999769494,0.6577478,184659064,131,0,7692171,731731,23,bef7c843a3d380330103c9f62350d18fe0469ddfc3645ce06341634a9c32edf6
NQZ26/day/bars/1h,pruned,measured,8,531,0.0885017000255175,0.0731234,17608504,131,119,731731,731731,23,bef7c843a3d380330103c9f62350d18fe0469ddfc3645ce06341634a9c32edf6
NQZ26/full/flow/-,duckdb,measured,8,532,0.772686300042551,0.45533359999535605,,,,,,1,b037820dc90976fe06076b38f39d18262b0b679a36fc8a1406a0ae06220ecada
NQZ26/full/flow/-,column,measured,8,533,1.1930996000301093,1.1776058,307733800,131,0,7692171,7692171,1,b037820dc90976fe06076b38f39d18262b0b679a36fc8a1406a0ae06220ecada
NQZ26/full/flow/-,pruned,measured,8,534,1.185860000026878,1.1691177,307733800,131,0,7692171,7692171,1,b037820dc90976fe06076b38f39d18262b0b679a36fc8a1406a0ae06220ecada
NQZ26/ten_minutes/summary/-,column,measured,8,535,0.6677325000055134,0.6509825,184659064,131,0,7692171,19858,1,7cef7f69ace2a505ed309cc1c2b0370950aa5b9e9b9e6480447147eb773281bf
NQZ26/ten_minutes/summary/-,pruned,measured,8,536,0.03403819998493418,0.0169009,3192688,131,129,131072,19858,1,7cef7f69ace2a505ed309cc1c2b0370950aa5b9e9b9e6480447147eb773281bf
NQZ26/ten_minutes/summary/-,duckdb,measured,8,537,0.34068179997848347,0.005714499973692,,,,,,1,7cef7f69ace2a505ed309cc1c2b0370950aa5b9e9b9e6480447147eb773281bf
ESZ26/full/summary/-,pruned,measured,8,538,1.7230771000031382,1.7056995,410781160,274,0,17111923,17111923,1,2524acf5f7f08f7f2f1e8ddf7e8b0e28f30c7c5bc8a4d3573edcbbf04d8a790a
ESZ26/full/summary/-,duckdb,measured,8,539,0.9326279999804683,0.6100966000230983,,,,,,1,2524acf5f7f08f7f2f1e8ddf7e8b0e28f30c7c5bc8a4d3573edcbbf04d8a790a
ESZ26/full/summary/-,column,measured,8,540,1.8139614000101574,1.7978584,410781160,274,0,17111923,17111923,1,2524acf5f7f08f7f2f1e8ddf7e8b0e28f30c7c5bc8a4d3573edcbbf04d8a790a
NQZ26/full/bars/1m,column,measured,8,541,1.0828189000021666,1.0596596,184659064,131,0,7692171,7692171,23485,e742a99e661eb774aa343b8c1a3c1ae9e3e3e4ae83bd235c6f6d9c29c08fa56b
NQZ26/full/bars/1m,pruned,measured,8,542,1.0489817000343464,1.024324,184659064,131,0,7692171,7692171,23485,e742a99e661eb774aa343b8c1a3c1ae9e3e3e4ae83bd235c6f6d9c29c08fa56b
NQZ26/full/bars/1m,duckdb,measured,8,543,2.022634199995082,1.641678599989973,,,,,,23485,e742a99e661eb774aa343b8c1a3c1ae9e3e3e4ae83bd235c6f6d9c29c08fa56b
ESZ26/ten_minutes/bars/1h,column,measured,8,544,1.5567895999993198,1.5409981,410781160,274,0,17111923,46082,1,e550b8ad4bf725f9fb18594215253c2181a957e63a7c89fcf1667216e0a4a966
ESZ26/ten_minutes/bars/1h,pruned,measured,8,545,0.03449930000351742,0.0170536,3240736,274,272,131072,46082,1,e550b8ad4bf725f9fb18594215253c2181a957e63a7c89fcf1667216e0a4a966
ESZ26/ten_minutes/bars/1h,duckdb,measured,8,546,0.36376839998411015,0.014087499992456287,,,,,,1,e550b8ad4bf725f9fb18594215253c2181a957e63a7c89fcf1667216e0a4a966
NQZ26/day/summary/-,duckdb,measured,8,547,0.3851460000150837,0.035454000055324286,,,,,,1,e6e3c25e92c70989561a89c23c85331f7a8788687143c40a1431043f241ffc2c
NQZ26/day/summary/-,column,measured,8,548,0.6854051999980584,0.668889,184659064,131,0,7692171,731731,1,e6e3c25e92c70989561a89c23c85331f7a8788687143c40a1431043f241ffc2c
NQZ26/day/summary/-,pruned,measured,8,549,0.08923009998397902,0.0737953,17608504,131,119,731731,731731,1,e6e3c25e92c70989561a89c23c85331f7a8788687143c40a1431043f241ffc2c
NQZ26/full/summary/-,pruned,measured,8,550,0.7424637000076473,0.7275553,184659064,131,0,7692171,7692171,1,912e9eb917468d16f6aaeed1f836a1d45489ec5c4174ce4c3659da659a7089ac
NQZ26/full/summary/-,duckdb,measured,8,551,0.6214209999889135,0.2987814999651164,,,,,,1,912e9eb917468d16f6aaeed1f836a1d45489ec5c4174ce4c3659da659a7089ac
NQZ26/full/summary/-,column,measured,8,552,0.7459572000079788,0.7285032,184659064,131,0,7692171,7692171,1,912e9eb917468d16f6aaeed1f836a1d45489ec5c4174ce4c3659da659a7089ac
NQZ26/ten_minutes/bars/1m,duckdb,measured,8,553,0.3313761000172235,0.010399000020697713,,,,,,10,4b3e9bee9636be070134df558c9fc8683df10cb12d161c994e4a87074be2df9e
NQZ26/ten_minutes/bars/1m,column,measured,8,554,0.6397499000304379,0.6228449,184659064,131,0,7692171,19858,10,4b3e9bee9636be070134df558c9fc8683df10cb12d161c994e4a87074be2df9e
NQZ26/ten_minutes/bars/1m,pruned,measured,8,555,0.030256400001235306,0.0149674,3192688,131,129,131072,19858,10,4b3e9bee9636be070134df558c9fc8683df10cb12d161c994e4a87074be2df9e
ESZ26/ten_minutes/bars/1m,duckdb,measured,8,556,0.3380642000120133,0.01397600001655519,,,,,,10,0d31b4d5491c1ebcb873e7b14fed1b423da80bea10b445108ccf13f74c51e396
ESZ26/ten_minutes/bars/1m,column,measured,8,557,1.472201300028246,1.4550552,410781160,274,0,17111923,46082,10,0d31b4d5491c1ebcb873e7b14fed1b423da80bea10b445108ccf13f74c51e396
ESZ26/ten_minutes/bars/1m,pruned,measured,8,558,0.030944500002078712,0.0156949,3240736,274,272,131072,46082,10,0d31b4d5491c1ebcb873e7b14fed1b423da80bea10b445108ccf13f74c51e396
ESZ26/ten_minutes/flow/-,pruned,measured,8,559,0.03878709999844432,0.0224265,5337888,274,272,131072,46082,1,84e77dff30bb8e76dd3d676d39cc856a6eac548a672cfc4974b0f44cdc2a5500
ESZ26/ten_minutes/flow/-,duckdb,measured,8,560,0.3302242999779992,0.009093800035770983,,,,,,1,84e77dff30bb8e76dd3d676d39cc856a6eac548a672cfc4974b0f44cdc2a5500
ESZ26/ten_minutes/flow/-,column,measured,8,561,2.38887770002475,2.3726993,684571928,274,0,17111923,46082,1,84e77dff30bb8e76dd3d676d39cc856a6eac548a672cfc4974b0f44cdc2a5500
ESZ26/day/summary/-,duckdb,measured,8,562,0.39204760000575334,0.06960079999407753,,,,,,1,e9725edf2bc1c6ac9ee013143cc7e311ab751899a4c0b3eaf7ff543bf310ead3
ESZ26/day/summary/-,column,measured,8,563,1.5055542000336573,1.4900594,410781160,274,0,17111923,1663822,1,e9725edf2bc1c6ac9ee013143cc7e311ab751899a4c0b3eaf7ff543bf310ead3
ESZ26/day/summary/-,pruned,measured,8,564,0.17405449994839728,0.1582045,40026736,274,248,1663822,1663822,1,e9725edf2bc1c6ac9ee013143cc7e311ab751899a4c0b3eaf7ff543bf310ead3
NQZ26/ten_minutes/bars/1h,column,measured,8,565,0.6428461999748833,0.6257098,184659064,131,0,7692171,19858,1,df3b50da996c3b943508ed61cb0606942dbd801e1dde0b30aabf8116c8a054b0
NQZ26/ten_minutes/bars/1h,pruned,measured,8,566,0.031031200021971017,0.0151797,3192688,131,129,131072,19858,1,df3b50da996c3b943508ed61cb0606942dbd801e1dde0b30aabf8116c8a054b0
NQZ26/ten_minutes/bars/1h,duckdb,measured,8,567,0.3315029999939725,0.009962000011000782,,,,,,1,df3b50da996c3b943508ed61cb0606942dbd801e1dde0b30aabf8116c8a054b0
ESZ26/ten_minutes/summary/-,column,measured,8,568,1.4801004999899305,1.4647418,410781160,274,0,17111923,46082,1,4925db5150b95a1652baa9a9e047c75833143a1acd114117eebabcbeb9efb97a
ESZ26/ten_minutes/summary/-,pruned,measured,8,569,0.031481900019571185,0.0156116,3240736,274,272,131072,46082,1,4925db5150b95a1652baa9a9e047c75833143a1acd114117eebabcbeb9efb97a
ESZ26/ten_minutes/summary/-,duckdb,measured,8,570,0.3253723999951035,0.006752800021786243,,,,,,1,4925db5150b95a1652baa9a9e047c75833143a1acd114117eebabcbeb9efb97a
ESZ26/full/bars/1m,column,measured,8,571,1.958173600025475,1.9370679,410781160,274,0,17111923,17111923,24104,4386409cb5a66110db1754b70f3517e9d1e5d70a9738216f664f3f4099650f38
ESZ26/full/bars/1m,pruned,measured,8,572,1.9431246999884024,1.9210983,410781160,274,0,17111923,17111923,24104,4386409cb5a66110db1754b70f3517e9d1e5d70a9738216f664f3f4099650f38
ESZ26/full/bars/1m,duckdb,measured,8,573,3.150561300048139,2.8045416000531986,,,,,,24104,4386409cb5a66110db1754b70f3517e9d1e5d70a9738216f664f3f4099650f38
ESZ26/day/flow/-,column,measured,8,574,2.3921661999775097,2.3760322,684571928,274,0,17111923,1663822,1,4834e7227f05193a4dd689b0c5c51563556c2178899e1bdb6b769856083e6b9c
ESZ26/day/flow/-,pruned,measured,8,575,0.2602407999802381,0.245288,66647888,274,248,1663822,1663822,1,4834e7227f05193a4dd689b0c5c51563556c2178899e1bdb6b769856083e6b9c
ESZ26/day/flow/-,duckdb,measured,8,576,0.41744410002138466,0.10018149996176362,,,,,,1,4834e7227f05193a4dd689b0c5c51563556c2178899e1bdb6b769856083e6b9c
NQZ26/full/flow/-,column,measured,9,577,1.1583639000309631,1.1414819,307733800,131,0,7692171,7692171,1,b037820dc90976fe06076b38f39d18262b0b679a36fc8a1406a0ae06220ecada
NQZ26/full/flow/-,pruned,measured,9,578,1.1548611000180244,1.1396169,307733800,131,0,7692171,7692171,1,b037820dc90976fe06076b38f39d18262b0b679a36fc8a1406a0ae06220ecada
NQZ26/full/flow/-,duckdb,measured,9,579,0.7840574000147171,0.4541257999953814,,,,,,1,b037820dc90976fe06076b38f39d18262b0b679a36fc8a1406a0ae06220ecada
ESZ26/ten_minutes/bars/1m,column,measured,9,580,1.4708322999649681,1.4538785,410781160,274,0,17111923,46082,10,0d31b4d5491c1ebcb873e7b14fed1b423da80bea10b445108ccf13f74c51e396
ESZ26/ten_minutes/bars/1m,pruned,measured,9,581,0.04357750003691763,0.0235562,3240736,274,272,131072,46082,10,0d31b4d5491c1ebcb873e7b14fed1b423da80bea10b445108ccf13f74c51e396
ESZ26/ten_minutes/bars/1m,duckdb,measured,9,582,0.32595969998510554,0.013885100022889674,,,,,,10,0d31b4d5491c1ebcb873e7b14fed1b423da80bea10b445108ccf13f74c51e396
NQZ26/day/flow/-,pruned,measured,9,583,0.1271034999517724,0.1113619,29316200,131,119,731731,731731,1,37f6c86af36fad4c3f0574222020ee24b81f0a264768f1374d1a1665ecd6300a
NQZ26/day/flow/-,duckdb,measured,9,584,0.3603251000167802,0.051450999977532774,,,,,,1,37f6c86af36fad4c3f0574222020ee24b81f0a264768f1374d1a1665ecd6300a
NQZ26/day/flow/-,column,measured,9,585,1.1745632999809459,1.1591694,307733800,131,0,7692171,731731,1,37f6c86af36fad4c3f0574222020ee24b81f0a264768f1374d1a1665ecd6300a
ESZ26/day/bars/1h,column,measured,9,586,1.620809200045187,1.6044233,410781160,274,0,17111923,1663822,23,0ab687693333c92e3bbfd8cf494e853fa4c580ea11786eb71f762e3a5ac644bf
ESZ26/day/bars/1h,pruned,measured,9,587,0.20287340000504628,0.1870287,40026736,274,248,1663822,1663822,23,0ab687693333c92e3bbfd8cf494e853fa4c580ea11786eb71f762e3a5ac644bf
ESZ26/day/bars/1h,duckdb,measured,9,588,0.6054170000134036,0.25943049998022616,,,,,,23,0ab687693333c92e3bbfd8cf494e853fa4c580ea11786eb71f762e3a5ac644bf
ESZ26/full/summary/-,duckdb,measured,9,589,1.001847799983807,0.6510601000045426,,,,,,1,2524acf5f7f08f7f2f1e8ddf7e8b0e28f30c7c5bc8a4d3573edcbbf04d8a790a
ESZ26/full/summary/-,column,measured,9,590,1.8725074999965727,1.8540402,410781160,274,0,17111923,17111923,1,2524acf5f7f08f7f2f1e8ddf7e8b0e28f30c7c5bc8a4d3573edcbbf04d8a790a
ESZ26/full/summary/-,pruned,measured,9,591,1.883112000010442,1.8653814,410781160,274,0,17111923,17111923,1,2524acf5f7f08f7f2f1e8ddf7e8b0e28f30c7c5bc8a4d3573edcbbf04d8a790a
NQZ26/day/bars/1m,duckdb,measured,9,592,0.5266527000349015,0.16551109997089952,,,,,,1380,023e6e13fd6a1c88b65842323f13059f5a74c0b4e72112582b8b7819f25a521a
NQZ26/day/bars/1m,column,measured,9,593,0.7572382000507787,0.739492,184659064,131,0,7692171,731731,1380,023e6e13fd6a1c88b65842323f13059f5a74c0b4e72112582b8b7819f25a521a
NQZ26/day/bars/1m,pruned,measured,9,594,0.1269668000168167,0.1106372,17608504,131,119,731731,731731,1380,023e6e13fd6a1c88b65842323f13059f5a74c0b4e72112582b8b7819f25a521a
NQZ26/ten_minutes/summary/-,pruned,measured,9,595,0.0341972999740392,0.01733,3192688,131,129,131072,19858,1,7cef7f69ace2a505ed309cc1c2b0370950aa5b9e9b9e6480447147eb773281bf
NQZ26/ten_minutes/summary/-,duckdb,measured,9,596,0.36412370001198724,0.007358799979556352,,,,,,1,7cef7f69ace2a505ed309cc1c2b0370950aa5b9e9b9e6480447147eb773281bf
NQZ26/ten_minutes/summary/-,column,measured,9,597,0.6913883000379428,0.6727985,184659064,131,0,7692171,19858,1,7cef7f69ace2a505ed309cc1c2b0370950aa5b9e9b9e6480447147eb773281bf
ESZ26/ten_minutes/flow/-,duckdb,measured,9,598,0.35596360004274175,0.010496100003365427,,,,,,1,84e77dff30bb8e76dd3d676d39cc856a6eac548a672cfc4974b0f44cdc2a5500
ESZ26/ten_minutes/flow/-,column,measured,9,599,2.631110600021202,2.6151375,684571928,274,0,17111923,46082,1,84e77dff30bb8e76dd3d676d39cc856a6eac548a672cfc4974b0f44cdc2a5500
ESZ26/ten_minutes/flow/-,pruned,measured,9,600,0.04723189998185262,0.02654,5337888,274,272,131072,46082,1,84e77dff30bb8e76dd3d676d39cc856a6eac548a672cfc4974b0f44cdc2a5500
NQZ26/day/bars/1h,column,measured,9,601,0.6789856999530457,0.6632608,184659064,131,0,7692171,731731,23,bef7c843a3d380330103c9f62350d18fe0469ddfc3645ce06341634a9c32edf6
NQZ26/day/bars/1h,pruned,measured,9,602,0.09537699999054894,0.0794972,17608504,131,119,731731,731731,23,bef7c843a3d380330103c9f62350d18fe0469ddfc3645ce06341634a9c32edf6
NQZ26/day/bars/1h,duckdb,measured,9,603,0.48108289996162057,0.12100620003184304,,,,,,23,bef7c843a3d380330103c9f62350d18fe0469ddfc3645ce06341634a9c32edf6
ESZ26/ten_minutes/summary/-,pruned,measured,9,604,0.03174679999938235,0.0168174,3240736,274,272,131072,46082,1,4925db5150b95a1652baa9a9e047c75833143a1acd114117eebabcbeb9efb97a
ESZ26/ten_minutes/summary/-,duckdb,measured,9,605,0.35207800002535805,0.006932999996934086,,,,,,1,4925db5150b95a1652baa9a9e047c75833143a1acd114117eebabcbeb9efb97a
ESZ26/ten_minutes/summary/-,column,measured,9,606,1.4828703999519348,1.4670263,410781160,274,0,17111923,46082,1,4925db5150b95a1652baa9a9e047c75833143a1acd114117eebabcbeb9efb97a
NQZ26/full/bars/1m,pruned,measured,9,607,0.9767629000125453,0.9542461,184659064,131,0,7692171,7692171,23485,e742a99e661eb774aa343b8c1a3c1ae9e3e3e4ae83bd235c6f6d9c29c08fa56b
NQZ26/full/bars/1m,duckdb,measured,9,608,1.819682500034105,1.4812622999888845,,,,,,23485,e742a99e661eb774aa343b8c1a3c1ae9e3e3e4ae83bd235c6f6d9c29c08fa56b
NQZ26/full/bars/1m,column,measured,9,609,0.9824846999836154,0.9594947,184659064,131,0,7692171,7692171,23485,e742a99e661eb774aa343b8c1a3c1ae9e3e3e4ae83bd235c6f6d9c29c08fa56b
NQZ26/ten_minutes/flow/-,duckdb,measured,9,610,0.3416311999899335,0.007873499998822808,,,,,,1,80351e3dafe91d9377541e85042a0b293217c285b1e39b212cac5ef9074d48c3
NQZ26/ten_minutes/flow/-,column,measured,9,611,1.0660725000198,1.0504659,307733800,131,0,7692171,19858,1,80351e3dafe91d9377541e85042a0b293217c285b1e39b212cac5ef9074d48c3
NQZ26/ten_minutes/flow/-,pruned,measured,9,612,0.03738570003770292,0.0216267,5289840,131,129,131072,19858,1,80351e3dafe91d9377541e85042a0b293217c285b1e39b212cac5ef9074d48c3
NQZ26/day/summary/-,column,measured,9,613,0.6499885999946855,0.6348332,184659064,131,0,7692171,731731,1,e6e3c25e92c70989561a89c23c85331f7a8788687143c40a1431043f241ffc2c
NQZ26/day/summary/-,pruned,measured,9,614,0.09301529999356717,0.0755156,17608504,131,119,731731,731731,1,e6e3c25e92c70989561a89c23c85331f7a8788687143c40a1431043f241ffc2c
NQZ26/day/summary/-,duckdb,measured,9,615,0.34519909997470677,0.031090900010894984,,,,,,1,e6e3c25e92c70989561a89c23c85331f7a8788687143c40a1431043f241ffc2c
ESZ26/full/bars/1h,duckdb,measured,9,616,2.761823299981188,2.4405944000463933,,,,,,405,833f885466de93a08991d071a5319342002971ddd06eafd63d7b3dd9c3b8d35f
ESZ26/full/bars/1h,column,measured,9,617,1.7259632999775931,1.7087796,410781160,274,0,17111923,17111923,405,833f885466de93a08991d071a5319342002971ddd06eafd63d7b3dd9c3b8d35f
ESZ26/full/bars/1h,pruned,measured,9,618,1.7107018999522552,1.6952165,410781160,274,0,17111923,17111923,405,833f885466de93a08991d071a5319342002971ddd06eafd63d7b3dd9c3b8d35f
NQZ26/ten_minutes/bars/1h,pruned,measured,9,619,0.02975639997748658,0.0147926,3192688,131,129,131072,19858,1,df3b50da996c3b943508ed61cb0606942dbd801e1dde0b30aabf8116c8a054b0
NQZ26/ten_minutes/bars/1h,duckdb,measured,9,620,0.32973060000222176,0.009835200035013258,,,,,,1,df3b50da996c3b943508ed61cb0606942dbd801e1dde0b30aabf8116c8a054b0
NQZ26/ten_minutes/bars/1h,column,measured,9,621,0.639300600043498,0.6254288,184659064,131,0,7692171,19858,1,df3b50da996c3b943508ed61cb0606942dbd801e1dde0b30aabf8116c8a054b0
NQZ26/full/summary/-,duckdb,measured,9,622,0.5942922999965958,0.2701857999782078,,,,,,1,912e9eb917468d16f6aaeed1f836a1d45489ec5c4174ce4c3659da659a7089ac
NQZ26/full/summary/-,column,measured,9,623,0.7391395999584347,0.7215844,184659064,131,0,7692171,7692171,1,912e9eb917468d16f6aaeed1f836a1d45489ec5c4174ce4c3659da659a7089ac
NQZ26/full/summary/-,pruned,measured,9,624,0.7326159999938682,0.7162081,184659064,131,0,7692171,7692171,1,912e9eb917468d16f6aaeed1f836a1d45489ec5c4174ce4c3659da659a7089ac
ESZ26/full/bars/1m,pruned,measured,9,625,1.9372788000036962,1.915864,410781160,274,0,17111923,17111923,24104,4386409cb5a66110db1754b70f3517e9d1e5d70a9738216f664f3f4099650f38
ESZ26/full/bars/1m,duckdb,measured,9,626,3.1422251999611035,2.80813700001454,,,,,,24104,4386409cb5a66110db1754b70f3517e9d1e5d70a9738216f664f3f4099650f38
ESZ26/full/bars/1m,column,measured,9,627,2.064435699954629,2.041387,410781160,274,0,17111923,17111923,24104,4386409cb5a66110db1754b70f3517e9d1e5d70a9738216f664f3f4099650f38
ESZ26/full/flow/-,column,measured,9,628,2.6855395999737084,2.6684079,684571928,274,0,17111923,17111923,1,508854b9eeec3a12c14f674f7e1b69322f29cb088cd0c8cdbe5bdf83c0f51578
ESZ26/full/flow/-,pruned,measured,9,629,2.557429999986198,2.5275194,684571928,274,0,17111923,17111923,1,508854b9eeec3a12c14f674f7e1b69322f29cb088cd0c8cdbe5bdf83c0f51578
ESZ26/full/flow/-,duckdb,measured,9,630,1.2556849000393413,0.9229663999867626,,,,,,1,508854b9eeec3a12c14f674f7e1b69322f29cb088cd0c8cdbe5bdf83c0f51578
ESZ26/day/summary/-,column,measured,9,631,1.4829954999731854,1.4679443,410781160,274,0,17111923,1663822,1,e9725edf2bc1c6ac9ee013143cc7e311ab751899a4c0b3eaf7ff543bf310ead3
ESZ26/day/summary/-,pruned,measured,9,632,0.19130899995798245,0.1714973,40026736,274,248,1663822,1663822,1,e9725edf2bc1c6ac9ee013143cc7e311ab751899a4c0b3eaf7ff543bf310ead3
ESZ26/day/summary/-,duckdb,measured,9,633,0.3801779000204988,0.06184540002141148,,,,,,1,e9725edf2bc1c6ac9ee013143cc7e311ab751899a4c0b3eaf7ff543bf310ead3
ESZ26/day/flow/-,pruned,measured,9,634,0.2658026000135578,0.2513286,66647888,274,248,1663822,1663822,1,4834e7227f05193a4dd689b0c5c51563556c2178899e1bdb6b769856083e6b9c
ESZ26/day/flow/-,duckdb,measured,9,635,0.42163960001198575,0.09844080003676936,,,,,,1,4834e7227f05193a4dd689b0c5c51563556c2178899e1bdb6b769856083e6b9c
ESZ26/day/flow/-,column,measured,9,636,2.828503799973987,2.8140603,684571928,274,0,17111923,1663822,1,4834e7227f05193a4dd689b0c5c51563556c2178899e1bdb6b769856083e6b9c
NQZ26/full/bars/1h,duckdb,measured,9,637,1.6242219000123441,1.2004666000138968,,,,,,405,bc166fd7b12108cc0740baf8431876e7ee76556167cc3097b9de59c5ceda5682
NQZ26/full/bars/1h,column,measured,9,638,0.855956099985633,0.8343728,184659064,131,0,7692171,7692171,405,bc166fd7b12108cc0740baf8431876e7ee76556167cc3097b9de59c5ceda5682
NQZ26/full/bars/1h,pruned,measured,9,639,0.7699769999599084,0.7544664,184659064,131,0,7692171,7692171,405,bc166fd7b12108cc0740baf8431876e7ee76556167cc3097b9de59c5ceda5682
ESZ26/ten_minutes/bars/1h,pruned,measured,9,640,0.03314599994337186,0.0172995,3240736,274,272,131072,46082,1,e550b8ad4bf725f9fb18594215253c2181a957e63a7c89fcf1667216e0a4a966
ESZ26/ten_minutes/bars/1h,duckdb,measured,9,641,0.35726469999644905,0.013588599977083504,,,,,,1,e550b8ad4bf725f9fb18594215253c2181a957e63a7c89fcf1667216e0a4a966
ESZ26/ten_minutes/bars/1h,column,measured,9,642,1.4694617000059225,1.4553429,410781160,274,0,17111923,46082,1,e550b8ad4bf725f9fb18594215253c2181a957e63a7c89fcf1667216e0a4a966
NQZ26/ten_minutes/bars/1m,column,measured,9,643,0.6443011999945156,0.6289357,184659064,131,0,7692171,19858,10,4b3e9bee9636be070134df558c9fc8683df10cb12d161c994e4a87074be2df9e
NQZ26/ten_minutes/bars/1m,pruned,measured,9,644,0.030210199998691678,0.0151708,3192688,131,129,131072,19858,10,4b3e9bee9636be070134df558c9fc8683df10cb12d161c994e4a87074be2df9e
NQZ26/ten_minutes/bars/1m,duckdb,measured,9,645,0.32261720002861694,0.0099904999951832,,,,,,10,4b3e9bee9636be070134df558c9fc8683df10cb12d161c994e4a87074be2df9e
ESZ26/day/bars/1m,duckdb,measured,9,646,0.5946847000159323,0.2660104999667965,,,,,,1380,ce4db5049a1ba454ae08fa7a9275da923c39998df446090f114d8fc48798818f
ESZ26/day/bars/1m,column,measured,9,647,1.4832339999848045,1.465211,410781160,274,0,17111923,1663822,1380,ce4db5049a1ba454ae08fa7a9275da923c39998df446090f114d8fc48798818f
ESZ26/day/bars/1m,pruned,measured,9,648,0.19467649998841807,0.1776969,40026736,274,248,1663822,1663822,1380,ce4db5049a1ba454ae08fa7a9275da923c39998df446090f114d8fc48798818f
