workload,variant,phase,round,position,process_seconds,query_seconds,bytes_requested,blocks_examined,blocks_skipped,rows_decoded,rows_selected,output_rows,output_sha256
ESZ26/day/bars/1h,duckdb,warmup,1,1,0.6196982000255957,0.2521454999805428,,,,,,23,0ab687693333c92e3bbfd8cf494e853fa4c580ea11786eb71f762e3a5ac644bf
ESZ26/day/bars/1h,row,warmup,1,2,2.7560599999851547,2.7375546,821401552,274,0,17111923,1663822,23,0ab687693333c92e3bbfd8cf494e853fa4c580ea11786eb71f762e3a5ac644bf
ESZ26/day/bars/1h,column,warmup,1,3,1.5530561999767087,1.5230917,410781160,274,0,17111923,1663822,23,0ab687693333c92e3bbfd8cf494e853fa4c580ea11786eb71f762e3a5ac644bf
ESZ26/day/bars/1h,pruned,warmup,1,4,0.20930689998203889,0.192656,40026736,274,248,1663822,1663822,23,0ab687693333c92e3bbfd8cf494e853fa4c580ea11786eb71f762e3a5ac644bf
ESZ26/day/flow/-,column,warmup,1,5,2.404874900006689,2.3881674,684571928,274,0,17111923,1663822,1,4834e7227f05193a4dd689b0c5c51563556c2178899e1bdb6b769856083e6b9c
ESZ26/day/flow/-,pruned,warmup,1,6,0.28298860002541915,0.2683782,66647888,274,248,1663822,1663822,1,4834e7227f05193a4dd689b0c5c51563556c2178899e1bdb6b769856083e6b9c
ESZ26/day/flow/-,duckdb,warmup,1,7,0.39795140002388507,0.09961949998978525,,,,,,1,4834e7227f05193a4dd689b0c5c51563556c2178899e1bdb6b769856083e6b9c
ESZ26/day/flow/-,row,warmup,1,8,2.929787100001704,2.9134243,821401552,274,0,17111923,1663822,1,4834e7227f05193a4dd689b0c5c51563556c2178899e1bdb6b769856083e6b9c
NQZ26/ten_minutes/flow/-,column,warmup,1,9,1.0694503999548033,1.0526515,307733800,131,0,7692171,19858,1,80351e3dafe91d9377541e85042a0b293217c285b1e39b212cac5ef9074d48c3
NQZ26/ten_minutes/flow/-,pruned,warmup,1,10,0.03747719997772947,0.0219106,5289840,131,129,131072,19858,1,80351e3dafe91d9377541e85042a0b293217c285b1e39b212cac5ef9074d48c3
NQZ26/ten_minutes/flow/-,duckdb,warmup,1,11,0.3230875000008382,0.019787600031122565,,,,,,1,80351e3dafe91d9377541e85042a0b293217c285b1e39b212cac5ef9074d48c3
NQZ26/ten_minutes/flow/-,row,warmup,1,12,1.322346800006926,1.2984273,369239728,131,0,7692171,19858,1,80351e3dafe91d9377541e85042a0b293217c285b1e39b212cac5ef9074d48c3
NQZ26/ten_minutes/bars/1m,pruned,warmup,1,13,0.029827999998815358,0.0147398,3192688,131,129,131072,19858,10,4b3e9bee9636be070134df558c9fc8683df10cb12d161c994e4a87074be2df9e
NQZ26/ten_minutes/bars/1m,duckdb,warmup,1,14,0.33082849998027086,0.0186787000275217,,,,,,10,4b3e9bee9636be070134df558c9fc8683df10cb12d161c994e4a87074be2df9e
NQZ26/ten_minutes/bars/1m,row,warmup,1,15,1.262703499989584,1.236122,369239728,131,0,7692171,19858,10,4b3e9bee9636be070134df558c9fc8683df10cb12d161c994e4a87074be2df9e
NQZ26/ten_minutes/bars/1m,column,warmup,1,16,0.6374559000250883,0.6222797,184659064,131,0,7692171,19858,10,4b3e9bee9636be070134df558c9fc8683df10cb12d161c994e4a87074be2df9e
ESZ26/ten_minutes/bars/1h,duckdb,warmup,1,17,0.324217299988959,0.013865199987776577,,,,,,1,e550b8ad4bf725f9fb18594215253c2181a957e63a7c89fcf1667216e0a4a966
ESZ26/ten_minutes/bars/1h,row,warmup,1,18,2.7501964999828488,2.7362619,821401552,274,0,17111923,46082,1,e550b8ad4bf725f9fb18594215253c2181a957e63a7c89fcf1667216e0a4a966
ESZ26/ten_minutes/bars/1h,column,warmup,1,19,1.4699669999536127,1.4517319,410781160,274,0,17111923,46082,1,e550b8ad4bf725f9fb18594215253c2181a957e63a7c89fcf1667216e0a4a966
ESZ26/ten_minutes/bars/1h,pruned,warmup,1,20,0.031174000003375113,0.0156734,3240736,274,272,131072,46082,1,e550b8ad4bf725f9fb18594215253c2181a957e63a7c89fcf1667216e0a4a966
NQZ26/day/summary/-,row,warmup,1,21,1.2619597000302747,1.2474357,369239728,131,0,7692171,731731,1,e6e3c25e92c70989561a89c23c85331f7a8788687143c40a1431043f241ffc2c
NQZ26/day/summary/-,column,warmup,1,22,0.6587712000473402,0.6333489,184659064,131,0,7692171,731731,1,e6e3c25e92c70989561a89c23c85331f7a8788687143c40a1431043f241ffc2c
NQZ26/day/summary/-,pruned,warmup,1,23,0.09366860002046451,0.0786545,17608504,131,119,731731,731731,1,e6e3c25e92c70989561a89c23c85331f7a8788687143c40a1431043f241ffc2c
NQZ26/day/summary/-,duckdb,warmup,1,24,0.3505064999917522,0.04274160001659766,,,,,,1,e6e3c25e92c70989561a89c23c85331f7a8788687143c40a1431043f241ffc2c
NQZ26/day/bars/1h,duckdb,warmup,1,25,0.42993009998463094,0.11069449997739866,,,,,,23,bef7c843a3d380330103c9f62350d18fe0469ddfc3645ce06341634a9c32edf6
NQZ26/day/bars/1h,row,warmup,1,26,1.2719474000041373,1.2452997,369239728,131,0,7692171,731731,23,bef7c843a3d380330103c9f62350d18fe0469ddfc3645ce06341634a9c32edf6
NQZ26/day/bars/1h,column,warmup,1,27,0.6527377999736927,0.6382512,184659064,131,0,7692171,731731,23,bef7c843a3d380330103c9f62350d18fe0469ddfc3645ce06341634a9c32edf6
NQZ26/day/bars/1h,pruned,warmup,1,28,0.10319220001110807,0.0795057,17608504,131,119,731731,731731,23,bef7c843a3d380330103c9f62350d18fe0469ddfc3645ce06341634a9c32edf6
ESZ26/day/bars/1m,pruned,warmup,1,29,0.20407719997456297,0.190168,40026736,274,248,1663822,1663822,1380,ce4db5049a1ba454ae08fa7a9275da923c39998df446090f114d8fc48798818f
ESZ26/day/bars/1m,duckdb,warmup,1,30,0.5674498999724165,0.261205599992536,,,,,,1380,ce4db5049a1ba454ae08fa7a9275da923c39998df446090f114d8fc48798818f
ESZ26/day/bars/1m,row,warmup,1,31,2.736970099969767,2.7204459,821401552,274,0,17111923,1663822,1380,ce4db5049a1ba454ae08fa7a9275da923c39998df446090f114d8fc48798818f
ESZ26/day/bars/1m,column,warmup,1,32,1.5034658000222407,1.4879645,410781160,274,0,17111923,1663822,1380,ce4db5049a1ba454ae08fa7a9275da923c39998df446090f114d8fc48798818f
ESZ26/full/flow/-,column,warmup,1,33,2.7259574999916367,2.7099979,684571928,274,0,17111923,17111923,1,508854b9eeec3a12c14f674f7e1b69322f29cb088cd0c8cdbe5bdf83c0f51578
ESZ26/full/flow/-,pruned,warmup,1,34,2.7708898999844678,2.7561601,684571928,274,0,17111923,17111923,1,508854b9eeec3a12c14f674f7e1b69322f29cb088cd0c8cdbe5bdf83c0f51578
ESZ26/full/flow/-,duckdb,warmup,1,35,1.3829852000344545,1.0628015999682248,,,,,,1,508854b9eeec3a12c14f674f7e1b69322f29cb088cd0c8cdbe5bdf83c0f51578
ESZ26/full/flow/-,row,warmup,1,36,3.02028459997382,3.0048237,821401552,274,0,17111923,17111923,1,508854b9eeec3a12c14f674f7e1b69322f29cb088cd0c8cdbe5bdf83c0f51578
ESZ26/ten_minutes/bars/1m,pruned,warmup,1,37,0.04088729998329654,0.0160523,3240736,274,272,131072,46082,10,0d31b4d5491c1ebcb873e7b14fed1b423da80bea10b445108ccf13f74c51e396
ESZ26/ten_minutes/bars/1m,duckdb,warmup,1,38,0.32531839999137446,0.01481030002469197,,,,,,10,0d31b4d5491c1ebcb873e7b14fed1b423da80bea10b445108ccf13f74c51e396
ESZ26/ten_minutes/bars/1m,row,warmup,1,39,2.6890981000033207,2.6735264,821401552,274,0,17111923,46082,10,0d31b4d5491c1ebcb873e7b14fed1b423da80bea10b445108ccf13f74c51e396
ESZ26/ten_minutes/bars/1m,column,warmup,1,40,1.459418900019955,1.4357274,410781160,274,0,17111923,46082,10,0d31b4d5491c1ebcb873e7b14fed1b423da80bea10b445108ccf13f74c51e396
NQZ26/full/flow/-,column,warmup,1,41,1.2587806000374258,1.2344186,307733800,131,0,7692171,7692171,1,b037820dc90976fe06076b38f39d18262b0b679a36fc8a1406a0ae06220ecada
NQZ26/full/flow/-,pruned,warmup,1,42,1.2435421999543905,1.229456,307733800,131,0,7692171,7692171,1,b037820dc90976fe06076b38f39d18262b0b679a36fc8a1406a0ae06220ecada
NQZ26/full/flow/-,duckdb,warmup,1,43,0.8795255000004545,0.5775656999903731,,,,,,1,b037820dc90976fe06076b38f39d18262b0b679a36fc8a1406a0ae06220ecada
NQZ26/full/flow/-,row,warmup,1,44,1.378034800000023,1.3513354,369239728,131,0,7692171,7692171,1,b037820dc90976fe06076b38f39d18262b0b679a36fc8a1406a0ae06220ecada
NQZ26/full/bars/1h,duckdb,warmup,1,45,1.4155284999869764,1.0999385999748483,,,,,,405,bc166fd7b12108cc0740baf8431876e7ee76556167cc3097b9de59c5ceda5682
NQZ26/full/bars/1h,row,warmup,1,46,1.3551401000004262,1.3293421,369239728,131,0,7692171,7692171,405,bc166fd7b12108cc0740baf8431876e7ee76556167cc3097b9de59c5ceda5682
NQZ26/full/bars/1h,column,warmup,1,47,0.825456699996721,0.8084255,184659064,131,0,7692171,7692171,405,bc166fd7b12108cc0740baf8431876e7ee76556167cc3097b9de59c5ceda5682
NQZ26/full/bars/1h,pruned,warmup,1,48,0.8391101000015624,0.8239391,184659064,131,0,7692171,7692171,405,bc166fd7b12108cc0740baf8431876e7ee76556167cc3097b9de59c5ceda5682
ESZ26/ten_minutes/summary/-,row,warmup,1,49,2.7220231000101194,2.7061907,821401552,274,0,17111923,46082,1,4925db5150b95a1652baa9a9e047c75833143a1acd114117eebabcbeb9efb97a
ESZ26/ten_minutes/summary/-,column,warmup,1,50,1.4780561000225134,1.4631283,410781160,274,0,17111923,46082,1,4925db5150b95a1652baa9a9e047c75833143a1acd114117eebabcbeb9efb97a
ESZ26/ten_minutes/summary/-,pruned,warmup,1,51,0.03038339997874573,0.0155569,3240736,274,272,131072,46082,1,4925db5150b95a1652baa9a9e047c75833143a1acd114117eebabcbeb9efb97a
ESZ26/ten_minutes/summary/-,duckdb,warmup,1,52,0.309317099978216,0.0072392000001855195,,,,,,1,4925db5150b95a1652baa9a9e047c75833143a1acd114117eebabcbeb9efb97a
ESZ26/day/summary/-,row,warmup,1,53,2.772127599979285,2.7582593,821401552,274,0,17111923,1663822,1,e9725edf2bc1c6ac9ee013143cc7e311ab751899a4c0b3eaf7ff543bf310ead3
ESZ26/day/summary/-,column,warmup,1,54,1.504293099977076,1.4795578,410781160,274,0,17111923,1663822,1,e9725edf2bc1c6ac9ee013143cc7e311ab751899a4c0b3eaf7ff543bf310ead3
ESZ26/day/summary/-,pruned,warmup,1,55,0.18856660003075376,0.1734739,40026736,274,248,1663822,1663822,1,e9725edf2bc1c6ac9ee013143cc7e311ab751899a4c0b3eaf7ff543bf310ead3
ESZ26/day/summary/-,duckdb,warmup,1,56,0.3748135999776423,0.060230900009628385,,,,,,1,e9725edf2bc1c6ac9ee013143cc7e311ab751899a4c0b3eaf7ff543bf310ead3
ESZ26/ten_minutes/flow/-,column,warmup,1,57,2.3502997000468895,2.3363351,684571928,274,0,17111923,46082,1,84e77dff30bb8e76dd3d676d39cc856a6eac548a672cfc4974b0f44cdc2a5500
ESZ26/ten_minutes/flow/-,pruned,warmup,1,58,0.03932490001898259,0.0231232,5337888,274,272,131072,46082,1,84e77dff30bb8e76dd3d676d39cc856a6eac548a672cfc4974b0f44cdc2a5500
ESZ26/ten_minutes/flow/-,duckdb,warmup,1,59,0.3071635999949649,0.008603000023867935,,,,,,1,84e77dff30bb8e76dd3d676d39cc856a6eac548a672cfc4974b0f44cdc2a5500
ESZ26/ten_minutes/flow/-,row,warmup,1,60,2.9365418999805115,2.9205613,821401552,274,0,17111923,46082,1,84e77dff30bb8e76dd3d676d39cc856a6eac548a672cfc4974b0f44cdc2a5500
NQZ26/day/bars/1m,pruned,warmup,1,61,0.10971020004944876,0.0929204,17608504,131,119,731731,731731,1380,023e6e13fd6a1c88b65842323f13059f5a74c0b4e72112582b8b7819f25a521a
NQZ26/day/bars/1m,duckdb,warmup,1,62,0.45205199997872114,0.1348423999734223,,,,,,1380,023e6e13fd6a1c88b65842323f13059f5a74c0b4e72112582b8b7819f25a521a
NQZ26/day/bars/1m,row,warmup,1,63,1.2989348999690264,1.2791177,369239728,131,0,7692171,731731,1380,023e6e13fd6a1c88b65842323f13059f5a74c0b4e72112582b8b7819f25a521a
NQZ26/day/bars/1m,column,warmup,1,64,0.6840471000177786,0.6685064,184659064,131,0,7692171,731731,1380,023e6e13fd6a1c88b65842323f13059f5a74c0b4e72112582b8b7819f25a521a
NQZ26/ten_minutes/summary/-,row,warmup,1,65,1.2484505999600515,1.2268552,369239728,131,0,7692171,19858,1,7cef7f69ace2a505ed309cc1c2b0370950aa5b9e9b9e6480447147eb773281bf
NQZ26/ten_minutes/summary/-,column,warmup,1,66,0.6423003999516368,0.617703,184659064,131,0,7692171,19858,1,7cef7f69ace2a505ed309cc1c2b0370950aa5b9e9b9e6480447147eb773281bf
NQZ26/ten_minutes/summary/-,pruned,warmup,1,67,0.02867349999723956,0.0143856,3192688,131,129,131072,19858,1,7cef7f69ace2a505ed309cc1c2b0370950aa5b9e9b9e6480447147eb773281bf
NQZ26/ten_minutes/summary/-,duckdb,warmup,1,68,0.3299490999779664,0.0054484999855048954,,,,,,1,7cef7f69ace2a505ed309cc1c2b0370950aa5b9e9b9e6480447147eb773281bf
NQZ26/full/bars/1m,pruned,warmup,1,69,1.026703399955295,1.0066137,184659064,131,0,7692171,7692171,23485,e742a99e661eb774aa343b8c1a3c1ae9e3e3e4ae83bd235c6f6d9c29c08fa56b
NQZ26/full/bars/1m,duckdb,warmup,1,70,1.7573961999733,1.4493453999748453,,,,,,23485,e742a99e661eb774aa343b8c1a3c1ae9e3e3e4ae83bd235c6f6d9c29c08fa56b
NQZ26/full/bars/1m,row,warmup,1,71,1.5528619000106119,1.5285338,369239728,131,0,7692171,7692171,23485,e742a99e661eb774aa343b8c1a3c1ae9e3e3e4ae83bd235c6f6d9c29c08fa56b
NQZ26/full/bars/1m,column,warmup,1,72,1.043003199971281,1.0233253,184659064,131,0,7692171,7692171,23485,e742a99e661eb774aa343b8c1a3c1ae9e3e3e4ae83bd235c6f6d9c29c08fa56b
NQZ26/full/summary/-,row,warmup,1,73,1.3345348999719135,1.3185587,369239728,131,0,7692171,7692171,1,912e9eb917468d16f6aaeed1f836a1d45489ec5c4174ce4c3659da659a7089ac
NQZ26/full/summary/-,column,warmup,1,74,0.8213614000123926,0.7952635,184659064,131,0,7692171,7692171,1,912e9eb917468d16f6aaeed1f836a1d45489ec5c4174ce4c3659da659a7089ac
NQZ26/full/summary/-,pruned,warmup,1,75,0.807614499994088,0.7916892,184659064,131,0,7692171,7692171,1,912e9eb917468d16f6aaeed1f836a1d45489ec5c4174ce4c3659da659a7089ac
NQZ26/full/summary/-,duckdb,warmup,1,76,0.5840672999620438,0.26328680000733584,,,,,,1,912e9eb917468d16f6aaeed1f836a1d45489ec5c4174ce4c3659da659a7089ac
ESZ26/full/summary/-,row,warmup,1,77,2.97637680004118,2.9598053,821401552,274,0,17111923,17111923,1,2524acf5f7f08f7f2f1e8ddf7e8b0e28f30c7c5bc8a4d3573edcbbf04d8a790a
ESZ26/full/summary/-,column,warmup,1,78,1.957575700012967,1.94191,410781160,274,0,17111923,17111923,1,2524acf5f7f08f7f2f1e8ddf7e8b0e28f30c7c5bc8a4d3573edcbbf04d8a790a
ESZ26/full/summary/-,pruned,warmup,1,79,2.0148560000234284,1.9838841,410781160,274,0,17111923,17111923,1,2524acf5f7f08f7f2f1e8ddf7e8b0e28f30c7c5bc8a4d3573edcbbf04d8a790a
ESZ26/full/summary/-,duckdb,warmup,1,80,1.0600834999931976,0.7202184000052512,,,,,,1,2524acf5f7f08f7f2f1e8ddf7e8b0e28f30c7c5bc8a4d3573edcbbf04d8a790a
ESZ26/full/bars/1h,duckdb,warmup,1,81,2.7114191000000574,2.3964536999701522,,,,,,405,833f885466de93a08991d071a5319342002971ddd06eafd63d7b3dd9c3b8d35f
ESZ26/full/bars/1h,row,warmup,1,82,2.968103200022597,2.9457338,821401552,274,0,17111923,17111923,405,833f885466de93a08991d071a5319342002971ddd06eafd63d7b3dd9c3b8d35f
ESZ26/full/bars/1h,column,warmup,1,83,1.8727957000373863,1.8590665,410781160,274,0,17111923,17111923,405,833f885466de93a08991d071a5319342002971ddd06eafd63d7b3dd9c3b8d35f
ESZ26/full/bars/1h,pruned,warmup,1,84,1.8540952000184916,1.837259,410781160,274,0,17111923,17111923,405,833f885466de93a08991d071a5319342002971ddd06eafd63d7b3dd9c3b8d35f
NQZ26/day/flow/-,column,warmup,1,85,1.1822221000329591,1.1656143,307733800,131,0,7692171,731731,1,37f6c86af36fad4c3f0574222020ee24b81f0a264768f1374d1a1665ecd6300a
NQZ26/day/flow/-,pruned,warmup,1,86,0.135060100001283,0.1207067,29316200,131,119,731731,731731,1,37f6c86af36fad4c3f0574222020ee24b81f0a264768f1374d1a1665ecd6300a
NQZ26/day/flow/-,duckdb,warmup,1,87,0.3521795999840833,0.05560620001051575,,,,,,1,37f6c86af36fad4c3f0574222020ee24b81f0a264768f1374d1a1665ecd6300a
NQZ26/day/flow/-,row,warmup,1,88,1.2924456000328064,1.2765309,369239728,131,0,7692171,731731,1,37f6c86af36fad4c3f0574222020ee24b81f0a264768f1374d1a1665ecd6300a
ESZ26/full/bars/1m,pruned,warmup,1,89,2.070007300004363,2.0405231,410781160,274,0,17111923,17111923,24104,4386409cb5a66110db1754b70f3517e9d1e5d70a9738216f664f3f4099650f38
ESZ26/full/bars/1m,duckdb,warmup,1,90,3.093807699973695,2.7664743999484926,,,,,,24104,4386409cb5a66110db1754b70f3517e9d1e5d70a9738216f664f3f4099650f38
ESZ26/full/bars/1m,row,warmup,1,91,3.1820638000499457,3.1599695,821401552,274,0,17111923,17111923,24104,4386409cb5a66110db1754b70f3517e9d1e5d70a9738216f664f3f4099650f38
ESZ26/full/bars/1m,column,warmup,1,92,2.105087200005073,2.0761196,410781160,274,0,17111923,17111923,24104,4386409cb5a66110db1754b70f3517e9d1e5d70a9738216f664f3f4099650f38
NQZ26/ten_minutes/bars/1h,duckdb,warmup,1,93,0.3054922000155784,0.009768399992026389,,,,,,1,df3b50da996c3b943508ed61cb0606942dbd801e1dde0b30aabf8116c8a054b0
NQZ26/ten_minutes/bars/1h,row,warmup,1,94,1.2229628000059165,1.206051,369239728,131,0,7692171,19858,1,df3b50da996c3b943508ed61cb0606942dbd801e1dde0b30aabf8116c8a054b0
NQZ26/ten_minutes/bars/1h,column,warmup,1,95,0.6402501999982633,0.6234466,184659064,131,0,7692171,19858,1,df3b50da996c3b943508ed61cb0606942dbd801e1dde0b30aabf8116c8a054b0
NQZ26/ten_minutes/bars/1h,pruned,warmup,1,96,0.032108299958053976,0.0154366,3192688,131,129,131072,19858,1,df3b50da996c3b943508ed61cb0606942dbd801e1dde0b30aabf8116c8a054b0
ESZ26/day/bars/1m,duckdb,warmup,2,97,0.5660575999645516,0.2605765000334941,,,,,,1380,ce4db5049a1ba454ae08fa7a9275da923c39998df446090f114d8fc48798818f
ESZ26/day/bars/1m,row,warmup,2,98,2.805147200007923,2.7862432,821401552,274,0,17111923,1663822,1380,ce4db5049a1ba454ae08fa7a9275da923c39998df446090f114d8fc48798818f
ESZ26/day/bars/1m,column,warmup,2,99,1.536691899993457,1.5204382,410781160,274,0,17111923,1663822,1380,ce4db5049a1ba454ae08fa7a9275da923c39998df446090f114d8fc48798818f
ESZ26/day/bars/1m,pruned,warmup,2,100,0.20547850005095825,0.1904722,40026736,274,248,1663822,1663822,1380,ce4db5049a1ba454ae08fa7a9275da923c39998df446090f114d8fc48798818f
ESZ26/ten_minutes/summary/-,column,warmup,2,101,1.4621277999831364,1.4361182,410781160,274,0,17111923,46082,1,4925db5150b95a1652baa9a9e047c75833143a1acd114117eebabcbeb9efb97a
ESZ26/ten_minutes/summary/-,pruned,warmup,2,102,0.03050919994711876,0.0156228,3240736,274,272,131072,46082,1,4925db5150b95a1652baa9a9e047c75833143a1acd114117eebabcbeb9efb97a
ESZ26/ten_minutes/summary/-,duckdb,warmup,2,103,0.3242467000382021,0.006733500049449503,,,,,,1,4925db5150b95a1652baa9a9e047c75833143a1acd114117eebabcbeb9efb97a
ESZ26/ten_minutes/summary/-,row,warmup,2,104,2.709382600034587,2.6925415,821401552,274,0,17111923,46082,1,4925db5150b95a1652baa9a9e047c75833143a1acd114117eebabcbeb9efb97a
ESZ26/day/summary/-,column,warmup,2,105,1.4870928999735042,1.470852,410781160,274,0,17111923,1663822,1,e9725edf2bc1c6ac9ee013143cc7e311ab751899a4c0b3eaf7ff543bf310ead3
ESZ26/day/summary/-,pruned,warmup,2,106,0.18846079998183995,0.1741528,40026736,274,248,1663822,1663822,1,e9725edf2bc1c6ac9ee013143cc7e311ab751899a4c0b3eaf7ff543bf310ead3
ESZ26/day/summary/-,duckdb,warmup,2,107,0.36601599998539314,0.05969419999746606,,,,,,1,e9725edf2bc1c6ac9ee013143cc7e311ab751899a4c0b3eaf7ff543bf310ead3
ESZ26/day/summary/-,row,warmup,2,108,2.760218499985058,2.734267,821401552,274,0,17111923,1663822,1,e9725edf2bc1c6ac9ee013143cc7e311ab751899a4c0b3eaf7ff543bf310ead3
ESZ26/full/summary/-,column,warmup,2,109,1.8611617000424303,1.8438258,410781160,274,0,17111923,17111923,1,2524acf5f7f08f7f2f1e8ddf7e8b0e28f30c7c5bc8a4d3573edcbbf04d8a790a
ESZ26/full/summary/-,pruned,warmup,2,110,1.829386199999135,1.8129434,410781160,274,0,17111923,17111923,1,2524acf5f7f08f7f2f1e8ddf7e8b0e28f30c7c5bc8a4d3573edcbbf04d8a790a
ESZ26/full/summary/-,duckdb,warmup,2,111,0.8991591999656521,0.5996696999645792,,,,,,1,2524acf5f7f08f7f2f1e8ddf7e8b0e28f30c7c5bc8a4d3573edcbbf04d8a790a
ESZ26/full/summary/-,row,warmup,2,112,2.930986999999732,2.9158985,821401552,274,0,17111923,17111923,1,2524acf5f7f08f7f2f1e8ddf7e8b0e28f30c7c5bc8a4d3573edcbbf04d8a790a
NQZ26/full/flow/-,pruned,warmup,2,113,1.2424167999997735,1.2266447,307733800,131,0,7692171,7692171,1,b037820dc90976fe06076b38f39d18262b0b679a36fc8a1406a0ae06220ecada
NQZ26/full/flow/-,duckdb,warmup,2,114,0.7929766000015661,0.47684759995900095,,,,,,1,b037820dc90976fe06076b38f39d18262b0b679a36fc8a1406a0ae06220ecada
NQZ26/full/flow/-,row,warmup,2,115,1.3713322000112385,1.3566779,369239728,131,0,7692171,7692171,1,b037820dc90976fe06076b38f39d18262b0b679a36fc8a1406a0ae06220ecada
NQZ26/full/flow/-,column,warmup,2,116,1.245175999996718,1.2298369,307733800,131,0,7692171,7692171,1,b037820dc90976fe06076b38f39d18262b0b679a36fc8a1406a0ae06220ecada
NQZ26/day/flow/-,pruned,warmup,2,117,0.14011829998344183,0.1232007,29316200,131,119,731731,731731,1,37f6c86af36fad4c3f0574222020ee24b81f0a264768f1374d1a1665ecd6300a
NQZ26/day/flow/-,duckdb,warmup,2,118,0.3546199999982491,0.05133909999858588,,,,,,1,37f6c86af36fad4c3f0574222020ee24b81f0a264768f1374d1a1665ecd6300a
NQZ26/day/flow/-,row,warmup,2,119,1.2981566999806091,1.2813416,369239728,131,0,7692171,731731,1,37f6c86af36fad4c3f0574222020ee24b81f0a264768f1374d1a1665ecd6300a
NQZ26/day/flow/-,column,warmup,2,120,1.0785803000326268,1.06246,307733800,131,0,7692171,731731,1,37f6c86af36fad4c3f0574222020ee24b81f0a264768f1374d1a1665ecd6300a
NQZ26/day/bars/1h,row,warmup,2,121,1.2342648999765515,1.2182417,369239728,131,0,7692171,731731,23,bef7c843a3d380330103c9f62350d18fe0469ddfc3645ce06341634a9c32edf6
NQZ26/day/bars/1h,column,warmup,2,122,0.6590798000106588,0.6458632,184659064,131,0,7692171,731731,23,bef7c843a3d380330103c9f62350d18fe0469ddfc3645ce06341634a9c32edf6
NQZ26/day/bars/1h,pruned,warmup,2,123,0.09525379998376593,0.080083,17608504,131,119,731731,731731,23,bef7c843a3d380330103c9f62350d18fe0469ddfc3645ce06341634a9c32edf6
NQZ26/day/bars/1h,duckdb,warmup,2,124,0.4275928999995813,0.11381670000264421,,,,,,23,bef7c843a3d380330103c9f62350d18fe0469ddfc3645ce06341634a9c32edf6
ESZ26/ten_minutes/bars/1h,row,warmup,2,125,2.7353588999831118,2.7189229,821401552,274,0,17111923,46082,1,e550b8ad4bf725f9fb18594215253c2181a957e63a7c89fcf1667216e0a4a966
ESZ26/ten_minutes/bars/1h,column,warmup,2,126,1.4630914999870583,1.4383817,410781160,274,0,17111923,46082,1,e550b8ad4bf725f9fb18594215253c2181a957e63a7c89fcf1667216e0a4a966
ESZ26/ten_minutes/bars/1h,pruned,warmup,2,127,0.03128980001201853,0.0159731,3240736,274,272,131072,46082,1,e550b8ad4bf725f9fb18594215253c2181a957e63a7c89fcf1667216e0a4a966
ESZ26/ten_minutes/bars/1h,duckdb,warmup,2,128,0.31839219998801127,0.013141600007656962,,,,,,1,e550b8ad4bf725f9fb18594215253c2181a957e63a7c89fcf1667216e0a4a966
ESZ26/day/flow/-,pruned,warmup,2,129,0.29193409997969866,0.2665858,66647888,274,248,1663822,1663822,1,4834e7227f05193a4dd689b0c5c51563556c2178899e1bdb6b769856083e6b9c
ESZ26/day/flow/-,duckdb,warmup,2,130,0.40886810002848506,0.10759019997203723,,,,,,1,4834e7227f05193a4dd689b0c5c51563556c2178899e1bdb6b769856083e6b9c
ESZ26/day/flow/-,row,warmup,2,131,2.8877442000084557,2.8621647,821401552,274,0,17111923,1663822,1,4834e7227f05193a4dd689b0c5c51563556c2178899e1bdb6b769856083e6b9c
ESZ26/day/flow/-,column,warmup,2,132,2.3667485999758355,2.3501272,684571928,274,0,17111923,1663822,1,4834e7227f05193a4dd689b0c5c51563556c2178899e1bdb6b769856083e6b9c
NQZ26/full/bars/1m,duckdb,warmup,2,133,1.7890523999813013,1.4545072000473738,,,,,,23485,e742a99e661eb774aa343b8c1a3c1ae9e3e3e4ae83bd235c6f6d9c29c08fa56b
NQZ26/full/bars/1m,row,warmup,2,134,1.5574731000233442,1.533494,369239728,131,0,7692171,7692171,23485,e742a99e661eb774aa343b8c1a3c1ae9e3e3e4ae83bd235c6f6d9c29c08fa56b
NQZ26/full/bars/1m,column,warmup,2,135,1.0378156999940984,1.0166878,184659064,131,0,7692171,7692171,23485,e742a99e661eb774aa343b8c1a3c1ae9e3e3e4ae83bd235c6f6d9c29c08fa56b
NQZ26/full/bars/1m,pruned,warmup,2,136,1.0323702999739908,1.0091391,184659064,131,0,7692171,7692171,23485,e742a99e661eb774aa343b8c1a3c1ae9e3e3e4ae83bd235c6f6d9c29c08fa56b
ESZ26/full/flow/-,pruned,warmup,2,137,2.72844920004718,2.7105202,684571928,274,0,17111923,17111923,1,508854b9eeec3a12c14f674f7e1b69322f29cb088cd0c8cdbe5bdf83c0f51578
ESZ26/full/flow/-,duckdb,warmup,2,138,1.3049615999916568,0.9658969000447541,,,,,,1,508854b9eeec3a12c14f674f7e1b69322f29cb088cd0c8cdbe5bdf83c0f51578
ESZ26/full/flow/-,row,warmup,2,139,3.0176121999975294,2.9991727,821401552,274,0,17111923,17111923,1,508854b9eeec3a12c14f674f7e1b69322f29cb088cd0c8cdbe5bdf83c0f51578
ESZ26/full/flow/-,column,warmup,2,140,2.742389800027013,2.7185019,684571928,274,0,17111923,17111923,1,508854b9eeec3a12c14f674f7e1b69322f29cb088cd0c8cdbe5bdf83c0f51578
ESZ26/ten_minutes/flow/-,pruned,warmup,2,141,0.03948199999285862,0.0235265,5337888,274,272,131072,46082,1,84e77dff30bb8e76dd3d676d39cc856a6eac548a672cfc4974b0f44cdc2a5500
ESZ26/ten_minutes/flow/-,duckdb,warmup,2,142,0.3293454000377096,0.009238800033926964,,,,,,1,84e77dff30bb8e76dd3d676d39cc856a6eac548a672cfc4974b0f44cdc2a5500
ESZ26/ten_minutes/flow/-,row,warmup,2,143,2.8308971999795176,2.815991,821401552,274,0,17111923,46082,1,84e77dff30bb8e76dd3d676d39cc856a6eac548a672cfc4974b0f44cdc2a5500
ESZ26/ten_minutes/flow/-,column,warmup,2,144,2.3344449999858625,2.3190194,684571928,274,0,17111923,46082,1,84e77dff30bb8e76dd3d676d39cc856a6eac548a672cfc4974b0f44cdc2a5500
ESZ26/ten_minutes/bars/1m,duckdb,warmup,2,145,0.3248758999980055,0.013209199998527765,,,,,,10,0d31b4d5491c1ebcb873e7b14fed1b423da80bea10b445108ccf13f74c51e396
ESZ26/ten_minutes/bars/1m,row,warmup,2,146,2.6872141999774612,2.6612343,821401552,274,0,17111923,46082,10,0d31b4d5491c1ebcb873e7b14fed1b423da80bea10b445108ccf13f74c51e396
ESZ26/ten_minutes/bars/1m,column,warmup,2,147,1.450917300011497,1.4363988,410781160,274,0,17111923,46082,10,0d31b4d5491c1ebcb873e7b14fed1b423da80bea10b445108ccf13f74c51e396
ESZ26/ten_minutes/bars/1m,pruned,warmup,2,148,0.028853100026026368,0.0155938,3240736,274,272,131072,46082,10,0d31b4d5491c1ebcb873e7b14fed1b423da80bea10b445108ccf13f74c51e396
NQZ26/full/bars/1h,row,warmup,2,149,1.3443658000323921,1.3298597,369239728,131,0,7692171,7692171,405,bc166fd7b12108cc0740baf8431876e7ee76556167cc3097b9de59c5ceda5682
NQZ26/full/bars/1h,column,warmup,2,150,0.8238130999961868,0.8070223,184659064,131,0,7692171,7692171,405,bc166fd7b12108cc0740baf8431876e7ee76556167cc3097b9de59c5ceda5682
NQZ26/full/bars/1h,pruned,warmup,2,151,0.8226932000252418,0.7968128,184659064,131,0,7692171,7692171,405,bc166fd7b12108cc0740baf8431876e7ee76556167cc3097b9de59c5ceda5682
NQZ26/full/bars/1h,duckdb,warmup,2,152,1.4191553000127897,1.1124933999963105,,,,,,405,bc166fd7b12108cc0740baf8431876e7ee76556167cc3097b9de59c5ceda5682
NQZ26/day/bars/1m,duckdb,warmup,2,153,0.42759090004255995,0.1298227999941446,,,,,,1380,023e6e13fd6a1c88b65842323f13059f5a74c0b4e72112582b8b7819f25a521a
NQZ26/day/bars/1m,row,warmup,2,154,1.242314700037241,1.2246093,369239728,131,0,7692171,731731,1380,023e6e13fd6a1c88b65842323f13059f5a74c0b4e72112582b8b7819f25a521a
NQZ26/day/bars/1m,column,warmup,2,155,0.6756999000208452,0.6517084,184659064,131,0,7692171,731731,1380,023e6e13fd6a1c88b65842323f13059f5a74c0b4e72112582b8b7819f25a521a
NQZ26/day/bars/1m,pruned,warmup,2,156,0.10602900001686066,0.0903497,17608504,131,119,731731,731731,1380,023e6e13fd6a1c88b65842323f13059f5a74c0b4e72112582b8b7819f25a521a
NQZ26/ten_minutes/bars/1h,row,warmup,2,157,1.2285776000353508,1.2039738,369239728,131,0,7692171,19858,1,df3b50da996c3b943508ed61cb0606942dbd801e1dde0b30aabf8116c8a054b0
NQZ26/ten_minutes/bars/1h,column,warmup,2,158,0.6351034000399522,0.6184973,184659064,131,0,7692171,19858,1,df3b50da996c3b943508ed61cb0606942dbd801e1dde0b30aabf8116c8a054b0
NQZ26/ten_minutes/bars/1h,pruned,warmup,2,159,0.029752900009043515,0.0144041,3192688,131,129,131072,19858,1,df3b50da996c3b943508ed61cb0606942dbd801e1dde0b30aabf8116c8a054b0
NQZ26/ten_minutes/bars/1h,duckdb,warmup,2,160,0.3211689000017941,0.010023900016676635,,,,,,1,df3b50da996c3b943508ed61cb0606942dbd801e1dde0b30aabf8116c8a054b0
NQZ26/day/summary/-,column,warmup,2,161,0.6547962999902666,0.6371595,184659064,131,0,7692171,731731,1,e6e3c25e92c70989561a89c23c85331f7a8788687143c40a1431043f241ffc2c
NQZ26/day/summary/-,pruned,warmup,2,162,0.09355109999887645,0.0779467,17608504,131,119,731731,731731,1,e6e3c25e92c70989561a89c23c85331f7a8788687143c40a1431043f241ffc2c
NQZ26/day/summary/-,duckdb,warmup,2,163,0.3354257000028156,0.02969559998018667,,,,,,1,e6e3c25e92c70989561a89c23c85331f7a8788687143c40a1431043f241ffc2c
NQZ26/day/summary/-,row,warmup,2,164,1.2295374000095762,1.2129842,369239728,131,0,7692171,731731,1,e6e3c25e92c70989561a89c23c85331f7a8788687143c40a1431043f241ffc2c
NQZ26/ten_minutes/bars/1m,duckdb,warmup,2,165,0.3138331000227481,0.009299000026658177,,,,,,10,4b3e9bee9636be070134df558c9fc8683df10cb12d161c994e4a87074be2df9e
NQZ26/ten_minutes/bars/1m,row,warmup,2,166,1.2224774999776855,1.2051459,369239728,131,0,7692171,19858,10,4b3e9bee9636be070134df558c9fc8683df10cb12d161c994e4a87074be2df9e
NQZ26/ten_minutes/bars/1m,column,warmup,2,167,0.6375502000446431,0.6222136,184659064,131,0,7692171,19858,10,4b3e9bee9636be070134df558c9fc8683df10cb12d161c994e4a87074be2df9e
NQZ26/ten_minutes/bars/1m,pruned,warmup,2,168,0.031484799983445555,0.0149154,3192688,131,129,131072,19858,10,4b3e9bee9636be070134df558c9fc8683df10cb12d161c994e4a87074be2df9e
ESZ26/full/bars/1m,duckdb,warmup,2,169,3.06517650000751,2.7551175999687985,,,,,,24104,4386409cb5a66110db1754b70f3517e9d1e5d70a9738216f664f3f4099650f38
ESZ26/full/bars/1m,row,warmup,2,170,3.2278453999897465,3.2046797,821401552,274,0,17111923,17111923,24104,4386409cb5a66110db1754b70f3517e9d1e5d70a9738216f664f3f4099650f38
ESZ26/full/bars/1m,column,warmup,2,171,2.0888905999599956,2.0662024,410781160,274,0,17111923,17111923,24104,4386409cb5a66110db1754b70f3517e9d1e5d70a9738216f664f3f4099650f38
ESZ26/full/bars/1m,pruned,warmup,2,172,2.0842693999875337,2.0624906,410781160,274,0,17111923,17111923,24104,4386409cb5a66110db1754b70f3517e9d1e5d70a9738216f664f3f4099650f38
ESZ26/day/bars/1h,row,warmup,2,173,2.714396899973508,2.7007581,821401552,274,0,17111923,1663822,23,0ab687693333c92e3bbfd8cf494e853fa4c580ea11786eb71f762e3a5ac644bf
ESZ26/day/bars/1h,column,warmup,2,174,1.495363800029736,1.4808574,410781160,274,0,17111923,1663822,23,0ab687693333c92e3bbfd8cf494e853fa4c580ea11786eb71f762e3a5ac644bf
ESZ26/day/bars/1h,pruned,warmup,2,175,0.19093480001902208,0.1759043,40026736,274,248,1663822,1663822,23,0ab687693333c92e3bbfd8cf494e853fa4c580ea11786eb71f762e3a5ac644bf
ESZ26/day/bars/1h,duckdb,warmup,2,176,0.5392102000187151,0.2353181000216864,,,,,,23,0ab687693333c92e3bbfd8cf494e853fa4c580ea11786eb71f762e3a5ac644bf
NQZ26/ten_minutes/summary/-,column,warmup,2,177,0.6365361000061966,0.6224569,184659064,131,0,7692171,19858,1,7cef7f69ace2a505ed309cc1c2b0370950aa5b9e9b9e6480447147eb773281bf
NQZ26/ten_minutes/summary/-,pruned,warmup,2,178,0.029635299986694008,0.0150044,3192688,131,129,131072,19858,1,7cef7f69ace2a505ed309cc1c2b0370950aa5b9e9b9e6480447147eb773281bf
NQZ26/ten_minutes/summary/-,duckdb,warmup,2,179,0.2983467999729328,0.005386599979829043,,,,,,1,7cef7f69ace2a505ed309cc1c2b0370950aa5b9e9b9e6480447147eb773281bf
NQZ26/ten_minutes/summary/-,row,warmup,2,180,1.2326746999751776,1.2105742,369239728,131,0,7692171,19858,1,7cef7f69ace2a505ed309cc1c2b0370950aa5b9e9b9e6480447147eb773281bf
NQZ26/full/summary/-,column,warmup,2,181,0.8062695999979042,0.7898178,184659064,131,0,7692171,7692171,1,912e9eb917468d16f6aaeed1f836a1d45489ec5c4174ce4c3659da659a7089ac
NQZ26/full/summary/-,pruned,warmup,2,182,0.8183288999716751,0.7946232,184659064,131,0,7692171,7692171,1,912e9eb917468d16f6aaeed1f836a1d45489ec5c4174ce4c3659da659a7089ac
NQZ26/full/summary/-,duckdb,warmup,2,183,0.5766191000002436,0.2763325000414625,,,,,,1,912e9eb917468d16f6aaeed1f836a1d45489ec5c4174ce4c3659da659a7089ac
NQZ26/full/summary/-,row,warmup,2,184,1.3188211000524461,1.3034605,369239728,131,0,7692171,7692171,1,912e9eb917468d16f6aaeed1f836a1d45489ec5c4174ce4c3659da659a7089ac
ESZ26/full/bars/1h,row,warmup,2,185,2.9509290999849327,2.9266927,821401552,274,0,17111923,17111923,405,833f885466de93a08991d071a5319342002971ddd06eafd63d7b3dd9c3b8d35f
ESZ26/full/bars/1h,column,warmup,2,186,1.8597413999959826,1.8438559,410781160,274,0,17111923,17111923,405,833f885466de93a08991d071a5319342002971ddd06eafd63d7b3dd9c3b8d35f
ESZ26/full/bars/1h,pruned,warmup,2,187,1.8689593999879435,1.8420936,410781160,274,0,17111923,17111923,405,833f885466de93a08991d071a5319342002971ddd06eafd63d7b3dd9c3b8d35f
ESZ26/full/bars/1h,duckdb,warmup,2,188,2.6831694999709725,2.370764200051781,,,,,,405,833f885466de93a08991d071a5319342002971ddd06eafd63d7b3dd9c3b8d35f
NQZ26/ten_minutes/flow/-,pruned,warmup,2,189,0.040857299987692386,0.0223967,5289840,131,129,131072,19858,1,80351e3dafe91d9377541e85042a0b293217c285b1e39b212cac5ef9074d48c3
NQZ26/ten_minutes/flow/-,duckdb,warmup,2,190,0.307769900013227,0.0074050999828614295,,,,,,1,80351e3dafe91d9377541e85042a0b293217c285b1e39b212cac5ef9074d48c3
NQZ26/ten_minutes/flow/-,row,warmup,2,191,1.2898985000210814,1.2731303,369239728,131,0,7692171,19858,1,80351e3dafe91d9377541e85042a0b293217c285b1e39b212cac5ef9074d48c3
NQZ26/ten_minutes/flow/-,column,warmup,2,192,1.0680098999873735,1.052546,307733800,131,0,7692171,19858,1,80351e3dafe91d9377541e85042a0b293217c285b1e39b212cac5ef9074d48c3
NQZ26/day/bars/1h,column,measured,3,193,0.6586867999867536,0.6450346,184659064,131,0,7692171,731731,23,bef7c843a3d380330103c9f62350d18fe0469ddfc3645ce06341634a9c32edf6
NQZ26/day/bars/1h,pruned,measured,3,194,0.09122820000629872,0.078266,17608504,131,119,731731,731731,23,bef7c843a3d380330103c9f62350d18fe0469ddfc3645ce06341634a9c32edf6
NQZ26/day/bars/1h,duckdb,measured,3,195,0.4193614000105299,0.11107109999284148,,,,,,23,bef7c843a3d380330103c9f62350d18fe0469ddfc3645ce06341634a9c32edf6
NQZ26/day/bars/1h,row,measured,3,196,1.2392143999459222,1.2244666,369239728,131,0,7692171,731731,23,bef7c843a3d380330103c9f62350d18fe0469ddfc3645ce06341634a9c32edf6
ESZ26/ten_minutes/flow/-,duckdb,measured,3,197,0.31445599999278784,0.008933400036767125,,,,,,1,84e77dff30bb8e76dd3d676d39cc856a6eac548a672cfc4974b0f44cdc2a5500
ESZ26/ten_minutes/flow/-,row,measured,3,198,2.981727199978195,2.9655473,821401552,274,0,17111923,46082,1,84e77dff30bb8e76dd3d676d39cc856a6eac548a672cfc4974b0f44cdc2a5500
ESZ26/ten_minutes/flow/-,column,measured,3,199,2.3652049000374973,2.3489291,684571928,274,0,17111923,46082,1,84e77dff30bb8e76dd3d676d39cc856a6eac548a672cfc4974b0f44cdc2a5500
ESZ26/ten_minutes/flow/-,pruned,measured,3,200,0.04009120003320277,0.0229068,5337888,274,272,131072,46082,1,84e77dff30bb8e76dd3d676d39cc856a6eac548a672cfc4974b0f44cdc2a5500
ESZ26/ten_minutes/bars/1m,row,measured,3,201,2.7416125999880023,2.7276649,821401552,274,0,17111923,46082,10,0d31b4d5491c1ebcb873e7b14fed1b423da80bea10b445108ccf13f74c51e396
ESZ26/ten_minutes/bars/1m,column,measured,3,202,1.4487503999844193,1.4329751,410781160,274,0,17111923,46082,10,0d31b4d5491c1ebcb873e7b14fed1b423da80bea10b445108ccf13f74c51e396
ESZ26/ten_minutes/bars/1m,pruned,measured,3,203,0.02905999997165054,0.0160836,3240736,274,272,131072,46082,10,0d31b4d5491c1ebcb873e7b14fed1b423da80bea10b445108ccf13f74c51e396
ESZ26/ten_minutes/bars/1m,duckdb,measured,3,204,0.3107397999847308,0.013266100024338812,,,,,,10,0d31b4d5491c1ebcb873e7b14fed1b423da80bea10b445108ccf13f74c51e396
ESZ26/full/summary/-,pruned,measured,3,205,1.8299688000115566,1.8158255,410781160,274,0,17111923,17111923,1,2524acf5f7f08f7f2f1e8ddf7e8b0e28f30c7c5bc8a4d3573edcbbf04d8a790a
ESZ26/full/summary/-,duckdb,measured,3,206,0.8954236000427045,0.5887219000142068,,,,,,1,2524acf5f7f08f7f2f1e8ddf7e8b0e28f30c7c5bc8a4d3573edcbbf04d8a790a
ESZ26/full/summary/-,row,measured,3,207,2.920756700041238,2.9056523,821401552,274,0,17111923,17111923,1,2524acf5f7f08f7f2f1e8ddf7e8b0e28f30c7c5bc8a4d3573edcbbf04d8a790a
ESZ26/full/summary/-,column,measured,3,208,1.8377218000241555,1.8109479,410781160,274,0,17111923,17111923,1,2524acf5f7f08f7f2f1e8ddf7e8b0e28f30c7c5bc8a4d3573edcbbf04d8a790a
ESZ26/full/flow/-,duckdb,measured,3,209,1.2394466999685392,0.9339689000044018,,,,,,1,508854b9eeec3a12c14f674f7e1b69322f29cb088cd0c8cdbe5bdf83c0f51578
ESZ26/full/flow/-,row,measured,3,210,3.0274353999993764,3.0113892,821401552,274,0,17111923,17111923,1,508854b9eeec3a12c14f674f7e1b69322f29cb088cd0c8cdbe5bdf83c0f51578
ESZ26/full/flow/-,column,measured,3,211,2.783119700034149,2.7674,684571928,274,0,17111923,17111923,1,508854b9eeec3a12c14f674f7e1b69322f29cb088cd0c8cdbe5bdf83c0f51578
ESZ26/full/flow/-,pruned,measured,3,212,2.7654268000042066,2.7491197,684571928,274,0,17111923,17111923,1,508854b9eeec3a12c14f674f7e1b69322f29cb088cd0c8cdbe5bdf83c0f51578
ESZ26/day/flow/-,duckdb,measured,3,213,0.4041752999764867,0.10079399996902794,,,,,,1,4834e7227f05193a4dd689b0c5c51563556c2178899e1bdb6b769856083e6b9c
ESZ26/day/flow/-,row,measured,3,214,2.849426199973095,2.8318085,821401552,274,0,17111923,1663822,1,4834e7227f05193a4dd689b0c5c51563556c2178899e1bdb6b769856083e6b9c
ESZ26/day/flow/-,column,measured,3,215,2.4239439999801107,2.4076609,684571928,274,0,17111923,1663822,1,4834e7227f05193a4dd689b0c5c51563556c2178899e1bdb6b769856083e6b9c
ESZ26/day/flow/-,pruned,measured,3,216,0.28189679997740313,0.2663936,66647888,274,248,1663822,1663822,1,4834e7227f05193a4dd689b0c5c51563556c2178899e1bdb6b769856083e6b9c
ESZ26/full/bars/1m,row,measured,3,217,3.1710573000018485,3.1493045,821401552,274,0,17111923,17111923,24104,4386409cb5a66110db1754b70f3517e9d1e5d70a9738216f664f3f4099650f38
ESZ26/full/bars/1m,column,measured,3,218,2.082636100007221,2.0613496,410781160,274,0,17111923,17111923,24104,4386409cb5a66110db1754b70f3517e9d1e5d70a9738216f664f3f4099650f38
ESZ26/full/bars/1m,pruned,measured,3,219,2.111834399984218,2.0883991,410781160,274,0,17111923,17111923,24104,4386409cb5a66110db1754b70f3517e9d1e5d70a9738216f664f3f4099650f38
ESZ26/full/bars/1m,duckdb,measured,3,220,3.083236999984365,2.750900700048078,,,,,,24104,4386409cb5a66110db1754b70f3517e9d1e5d70a9738216f664f3f4099650f38
ESZ26/ten_minutes/bars/1h,column,measured,3,221,1.460221100016497,1.4433204,410781160,274,0,17111923,46082,1,e550b8ad4bf725f9fb18594215253c2181a957e63a7c89fcf1667216e0a4a966
ESZ26/ten_minutes/bars/1h,pruned,measured,3,222,0.031244899961166084,0.0154279,3240736,274,272,131072,46082,1,e550b8ad4bf725f9fb18594215253c2181a957e63a7c89fcf1667216e0a4a966
ESZ26/ten_minutes/bars/1h,duckdb,measured,3,223,0.3170209000236355,0.014718900027219206,,,,,,1,e550b8ad4bf725f9fb18594215253c2181a957e63a7c89fcf1667216e0a4a966
ESZ26/ten_minutes/bars/1h,row,measured,3,224,2.7104804000118747,2.6937825,821401552,274,0,17111923,46082,1,e550b8ad4bf725f9fb18594215253c2181a957e63a7c89fcf1667216e0a4a966
NQZ26/full/bars/1h,column,measured,3,225,0.8246306999935769,0.8079798,184659064,131,0,7692171,7692171,405,bc166fd7b12108cc0740baf8431876e7ee76556167cc3097b9de59c5ceda5682
NQZ26/full/bars/1h,pruned,measured,3,226,0.8178047999972478,0.802796,184659064,131,0,7692171,7692171,405,bc166fd7b12108cc0740baf8431876e7ee76556167cc3097b9de59c5ceda5682
NQZ26/full/bars/1h,duckdb,measured,3,227,1.4117776000057347,1.1092780999606475,,,,,,405,bc166fd7b12108cc0740baf8431876e7ee76556167cc3097b9de59c5ceda5682
NQZ26/full/bars/1h,row,measured,3,228,1.3421613000100479,1.3263149,369239728,131,0,7692171,7692171,405,bc166fd7b12108cc0740baf8431876e7ee76556167cc3097b9de59c5ceda5682
ESZ26/ten_minutes/summary/-,pruned,measured,3,229,0.030498399981297553,0.0153651,3240736,274,272,131072,46082,1,4925db5150b95a1652baa9a9e047c75833143a1acd114117eebabcbeb9efb97a
ESZ26/ten_minutes/summary/-,duckdb,measured,3,230,0.314254000026267,0.007436000043526292,,,,,,1,4925db5150b95a1652baa9a9e047c75833143a1acd114117eebabcbeb9efb97a
ESZ26/ten_minutes/summary/-,row,measured,3,231,2.744545300025493,2.7284974,821401552,274,0,17111923,46082,1,4925db5150b95a1652baa9a9e047c75833143a1acd114117eebabcbeb9efb97a
ESZ26/ten_minutes/summary/-,column,measured,3,232,1.4906925999675877,1.4739252,410781160,274,0,17111923,46082,1,4925db5150b95a1652baa9a9e047c75833143a1acd114117eebabcbeb9efb97a
ESZ26/day/bars/1m,row,measured,3,233,2.9261908000335097,2.9067784,821401552,274,0,17111923,1663822,1380,ce4db5049a1ba454ae08fa7a9275da923c39998df446090f114d8fc48798818f
ESZ26/day/bars/1m,column,measured,3,234,1.6480049000238068,1.6297029,410781160,274,0,17111923,1663822,1380,ce4db5049a1ba454ae08fa7a9275da923c39998df446090f114d8fc48798818f
ESZ26/day/bars/1m,pruned,measured,3,235,0.20948269998189062,0.1885108,40026736,274,248,1663822,1663822,1380,ce4db5049a1ba454ae08fa7a9275da923c39998df446090f114d8fc48798818f
ESZ26/day/bars/1m,duckdb,measured,3,236,0.5859748999937437,0.261684300028719,,,,,,1380,ce4db5049a1ba454ae08fa7a9275da923c39998df446090f114d8fc48798818f
NQZ26/full/summary/-,pruned,measured,3,237,0.8222601999877952,0.8049439,184659064,131,0,7692171,7692171,1,912e9eb917468d16f6aaeed1f836a1d45489ec5c4174ce4c3659da659a7089ac
NQZ26/full/summary/-,duckdb,measured,3,238,0.5809536000015214,0.2774309000233188,,,,,,1,912e9eb917468d16f6aaeed1f836a1d45489ec5c4174ce4c3659da659a7089ac
NQZ26/full/summary/-,row,measured,3,239,1.3294029000098817,1.3131429,369239728,131,0,7692171,7692171,1,912e9eb917468d16f6aaeed1f836a1d45489ec5c4174ce4c3659da659a7089ac
NQZ26/full/summary/-,column,measured,3,240,0.8098616999923252,0.7940245,184659064,131,0,7692171,7692171,1,912e9eb917468d16f6aaeed1f836a1d45489ec5c4174ce4c3659da659a7089ac
NQZ26/day/summary/-,pruned,measured,3,241,0.0939310000394471,0.0774252,17608504,131,119,731731,731731,1,e6e3c25e92c70989561a89c23c85331f7a8788687143c40a1431043f241ffc2c
NQZ26/day/summary/-,duckdb,measured,3,242,0.3373594000004232,0.029957399994600564,,,,,,1,e6e3c25e92c70989561a89c23c85331f7a8788687143c40a1431043f241ffc2c
NQZ26/day/summary/-,row,measured,3,243,1.312351199972909,1.2959972,369239728,131,0,7692171,731731,1,e6e3c25e92c70989561a89c23c85331f7a8788687143c40a1431043f241ffc2c
NQZ26/day/summary/-,column,measured,3,244,0.6712734999600798,0.6542898,184659064,131,0,7692171,731731,1,e6e3c25e92c70989561a89c23c85331f7a8788687143c40a1431043f241ffc2c
NQZ26/ten_minutes/bars/1h,column,measured,3,245,0.7038751000072807,0.6873939,184659064,131,0,7692171,19858,1,df3b50da996c3b943508ed61cb0606942dbd801e1dde0b30aabf8116c8a054b0
NQZ26/ten_minutes/bars/1h,pruned,measured,3,246,0.03874540003016591,0.0172464,3192688,131,129,131072,19858,1,df3b50da996c3b943508ed61cb0606942dbd801e1dde0b30aabf8116c8a054b0
NQZ26/ten_minutes/bars/1h,duckdb,measured,3,247,0.35716169996885583,0.011385599966160953,,,,,,1,df3b50da996c3b943508ed61cb0606942dbd801e1dde0b30aabf8116c8a054b0
NQZ26/ten_minutes/bars/1h,row,measured,3,248,1.2662638999754563,1.2394718,369239728,131,0,7692171,19858,1,df3b50da996c3b943508ed61cb0606942dbd801e1dde0b30aabf8116c8a054b0
NQZ26/day/bars/1m,row,measured,3,249,1.2721712000202388,1.2566223,369239728,131,0,7692171,731731,1380,023e6e13fd6a1c88b65842323f13059f5a74c0b4e72112582b8b7819f25a521a
NQZ26/day/bars/1m,column,measured,3,250,0.674865500011947,0.6557339,184659064,131,0,7692171,731731,1380,023e6e13fd6a1c88b65842323f13059f5a74c0b4e72112582b8b7819f25a521a
NQZ26/day/bars/1m,pruned,measured,3,251,0.10802839999087155,0.0916141,17608504,131,119,731731,731731,1380,023e6e13fd6a1c88b65842323f13059f5a74c0b4e72112582b8b7819f25a521a
NQZ26/day/bars/1m,duckdb,measured,3,252,0.42913980002049357,0.13164809998124838,,,,,,1380,023e6e13fd6a1c88b65842323f13059f5a74c0b4e72112582b8b7819f25a521a
ESZ26/day/bars/1h,column,measured,3,253,1.532634600007441,1.5175759,410781160,274,0,17111923,1663822,23,0ab687693333c92e3bbfd8cf494e853fa4c580ea11786eb71f762e3a5ac644bf
ESZ26/day/bars/1h,pruned,measured,3,254,0.20900370000163093,0.1926263,40026736,274,248,1663822,1663822,23,0ab687693333c92e3bbfd8cf494e853fa4c580ea11786eb71f762e3a5ac644bf
ESZ26/day/bars/1h,duckdb,measured,3,255,0.581769400043413,0.24190490000182763,,,,,,23,0ab687693333c92e3bbfd8cf494e853fa4c580ea11786eb71f762e3a5ac644bf
ESZ26/day/bars/1h,row,measured,3,256,2.7325287999701686,2.7182178,821401552,274,0,17111923,1663822,23,0ab687693333c92e3bbfd8cf494e853fa4c580ea11786eb71f762e3a5ac644bf
ESZ26/full/bars/1h,column,measured,3,257,1.8843374999705702,1.8676523,410781160,274,0,17111923,17111923,405,833f885466de93a08991d071a5319342002971ddd06eafd63d7b3dd9c3b8d35f
ESZ26/full/bars/1h,pruned,measured,3,258,1.880573500005994,1.8651955,410781160,274,0,17111923,17111923,405,833f885466de93a08991d071a5319342002971ddd06eafd63d7b3dd9c3b8d35f
ESZ26/full/bars/1h,duckdb,measured,3,259,2.7100042999954894,2.3992013999959454,,,,,,405,833f885466de93a08991d071a5319342002971ddd06eafd63d7b3dd9c3b8d35f
ESZ26/full/bars/1h,row,measured,3,260,3.029745100007858,3.0105356,821401552,274,0,17111923,17111923,405,833f885466de93a08991d071a5319342002971ddd06eafd63d7b3dd9c3b8d35f
NQZ26/ten_minutes/flow/-,duckdb,measured,3,261,0.31366859999252483,0.007356400019489229,,,,,,1,80351e3dafe91d9377541e85042a0b293217c285b1e39b212cac5ef9074d48c3
NQZ26/ten_minutes/flow/-,row,measured,3,262,1.3100975999841467,1.2849392,369239728,131,0,7692171,19858,1,80351e3dafe91d9377541e85042a0b293217c285b1e39b212cac5ef9074d48c3
NQZ26/ten_minutes/flow/-,column,measured,3,263,1.072777799970936,1.0578337,307733800,131,0,7692171,19858,1,80351e3dafe91d9377541e85042a0b293217c285b1e39b212cac5ef9074d48c3
NQZ26/ten_minutes/flow/-,pruned,measured,3,264,0.03698840003926307,0.0214827,5289840,131,129,131072,19858,1,80351e3dafe91d9377541e85042a0b293217c285b1e39b212cac5ef9074d48c3
NQZ26/ten_minutes/bars/1m,row,measured,3,265,1.2433410999947228,1.2277442,369239728,131,0,7692171,19858,10,4b3e9bee9636be070134df558c9fc8683df10cb12d161c994e4a87074be2df9e
NQZ26/ten_minutes/bars/1m,column,measured,3,266,0.6759138999623246,0.6602918,184659064,131,0,7692171,19858,10,4b3e9bee9636be070134df558c9fc8683df10cb12d161c994e4a87074be2df9e
NQZ26/ten_minutes/bars/1m,pruned,measured,3,267,0.032950100023299456,0.0154258,3192688,131,129,131072,19858,10,4b3e9bee9636be070134df558c9fc8683df10cb12d161c994e4a87074be2df9e
NQZ26/ten_minutes/bars/1m,duckdb,measured,3,268,0.3654188999789767,0.010716199991293252,,,,,,10,4b3e9bee9636be070134df558c9fc8683df10cb12d161c994e4a87074be2df9e
NQZ26/day/flow/-,duckdb,measured,3,269,0.4192477000178769,0.061303399968892336,,,,,,1,37f6c86af36fad4c3f0574222020ee24b81f0a264768f1374d1a1665ecd6300a
NQZ26/day/flow/-,row,measured,3,270,1.3700250000110827,1.3527594,369239728,131,0,7692171,731731,1,37f6c86af36fad4c3f0574222020ee24b81f0a264768f1374d1a1665ecd6300a
NQZ26/day/flow/-,column,measured,3,271,1.1184880000073463,1.1020106,307733800,131,0,7692171,731731,1,37f6c86af36fad4c3f0574222020ee24b81f0a264768f1374d1a1665ecd6300a
NQZ26/day/flow/-,pruned,measured,3,272,0.14879569999175146,0.1276246,29316200,131,119,731731,731731,1,37f6c86af36fad4c3f0574222020ee24b81f0a264768f1374d1a1665ecd6300a
ESZ26/day/summary/-,pruned,measured,3,273,0.19958009995752946,0.1756384,40026736,274,248,1663822,1663822,1,e9725edf2bc1c6ac9ee013143cc7e311ab751899a4c0b3eaf7ff543bf310ead3
ESZ26/day/summary/-,duckdb,measured,3,274,0.37429640005575493,0.06256990000838414,,,,,,1,e9725edf2bc1c6ac9ee013143cc7e311ab751899a4c0b3eaf7ff543bf310ead3
ESZ26/day/summary/-,row,measured,3,275,2.8505836999975145,2.8343455,821401552,274,0,17111923,1663822,1,e9725edf2bc1c6ac9ee013143cc7e311ab751899a4c0b3eaf7ff543bf310ead3
ESZ26/day/summary/-,column,measured,3,276,1.5126405999762937,1.4978629,410781160,274,0,17111923,1663822,1,e9725edf2bc1c6ac9ee013143cc7e311ab751899a4c0b3eaf7ff543bf310ead3
NQZ26/full/bars/1m,row,measured,3,277,1.560664499993436,1.5385831,369239728,131,0,7692171,7692171,23485,e742a99e661eb774aa343b8c1a3c1ae9e3e3e4ae83bd235c6f6d9c29c08fa56b
NQZ26/full/bars/1m,column,measured,3,278,1.0407426999881864,1.0193237,184659064,131,0,7692171,7692171,23485,e742a99e661eb774aa343b8c1a3c1ae9e3e3e4ae83bd235c6f6d9c29c08fa56b
NQZ26/full/bars/1m,pruned,measured,3,279,1.0532754000159912,1.0319005,184659064,131,0,7692171,7692171,23485,e742a99e661eb774aa343b8c1a3c1ae9e3e3e4ae83bd235c6f6d9c29c08fa56b
NQZ26/full/bars/1m,duckdb,measured,3,280,1.8769467999809422,1.5468271999852732,,,,,,23485,e742a99e661eb774aa343b8c1a3c1ae9e3e3e4ae83bd235c6f6d9c29c08fa56b
NQZ26/ten_minutes/summary/-,pruned,measured,3,281,0.0313181999954395,0.0153032,3192688,131,129,131072,19858,1,7cef7f69ace2a505ed309cc1c2b0370950aa5b9e9b9e6480447147eb773281bf
NQZ26/ten_minutes/summary/-,duckdb,measured,3,282,0.32016829994972795,0.005879500007722527,,,,,,1,7cef7f69ace2a505ed309cc1c2b0370950aa5b9e9b9e6480447147eb773281bf
NQZ26/ten_minutes/summary/-,row,measured,3,283,1.2194508000393398,1.2043833,369239728,131,0,7692171,19858,1,7cef7f69ace2a505ed309cc1c2b0370950aa5b9e9b9e6480447147eb773281bf
NQZ26/ten_minutes/summary/-,column,measured,3,284,0.65816019999329,0.6340842,184659064,131,0,7692171,19858,1,7cef7f69ace2a505ed309cc1c2b0370950aa5b9e9b9e6480447147eb773281bf
NQZ26/full/flow/-,duckdb,measured,3,285,0.7608953999588266,0.4639838000293821,,,,,,1,b037820dc90976fe06076b38f39d18262b0b679a36fc8a1406a0ae06220ecada
NQZ26/full/flow/-,row,measured,3,286,1.3730713999830186,1.3555263,369239728,131,0,7692171,7692171,1,b037820dc90976fe06076b38f39d18262b0b679a36fc8a1406a0ae06220ecada
NQZ26/full/flow/-,column,measured,3,287,1.2514293999993242,1.2360878,307733800,131,0,7692171,7692171,1,b037820dc90976fe06076b38f39d18262b0b679a36fc8a1406a0ae06220ecada
NQZ26/full/flow/-,pruned,measured,3,288,1.2442198999924585,1.2189851,307733800,131,0,7692171,7692171,1,b037820dc90976fe06076b38f39d18262b0b679a36fc8a1406a0ae06220ecada
NQZ26/full/bars/1m,column,measured,4,289,1.0439626000006683,1.0145602,184659064,131,0,7692171,7692171,23485,e742a99e661eb774aa343b8c1a3c1ae9e3e3e4ae83bd235c6f6d9c29c08fa56b
NQZ26/full/bars/1m,pruned,measured,4,290,1.0416403000126593,1.0175467,184659064,131,0,7692171,7692171,23485,e742a99e661eb774aa343b8c1a3c1ae9e3e3e4ae83bd235c6f6d9c29c08fa56b
NQZ26/full/bars/1m,duckdb,measured,4,291,1.7788143000216223,1.4537228000117466,,,,,,23485,e742a99e661eb774aa343b8c1a3c1ae9e3e3e4ae83bd235c6f6d9c29c08fa56b
NQZ26/full/bars/1m,row,measured,4,292,1.560238899954129,1.5390691,369239728,131,0,7692171,7692171,23485,e742a99e661eb774aa343b8c1a3c1ae9e3e3e4ae83bd235c6f6d9c29c08fa56b
ESZ26/day/bars/1m,column,measured,4,293,1.5182088000001386,1.5011515,410781160,274,0,17111923,1663822,1380,ce4db5049a1ba454ae08fa7a9275da923c39998df446090f114d8fc48798818f
ESZ26/day/bars/1m,pruned,measured,4,294,0.21866430004592985,0.1939552,40026736,274,248,1663822,1663822,1380,ce4db5049a1ba454ae08fa7a9275da923c39998df446090f114d8fc48798818f
ESZ26/day/bars/1m,duckdb,measured,4,295,0.6108829999575391,0.27392050001071766,,,,,,1380,ce4db5049a1ba454ae08fa7a9275da923c39998df446090f114d8fc48798818f
ESZ26/day/bars/1m,row,measured,4,296,2.835843599983491,2.8184404,821401552,274,0,17111923,1663822,1380,ce4db5049a1ba454ae08fa7a9275da923c39998df446090f114d8fc48798818f
ESZ26/ten_minutes/flow/-,row,measured,4,297,2.847880899964366,2.8310418,821401552,274,0,17111923,46082,1,84e77dff30bb8e76dd3d676d39cc856a6eac548a672cfc4974b0f44cdc2a5500
ESZ26/ten_minutes/flow/-,column,measured,4,298,2.5689833000069484,2.5528647,684571928,274,0,17111923,46082,1,84e77dff30bb8e76dd3d676d39cc856a6eac548a672cfc4974b0f44cdc2a5500
ESZ26/ten_minutes/flow/-,pruned,measured,4,299,0.04419740004232153,0.025564,5337888,274,272,131072,46082,1,84e77dff30bb8e76dd3d676d39cc856a6eac548a672cfc4974b0f44cdc2a5500
ESZ26/ten_minutes/flow/-,duckdb,measured,4,300,0.3608224999625236,0.012575100001413375,,,,,,1,84e77dff30bb8e76dd3d676d39cc856a6eac548a672cfc4974b0f44cdc2a5500
NQZ26/full/summary/-,duckdb,measured,4,301,0.6035894000087865,0.30104460002621636,,,,,,1,912e9eb917468d16f6aaeed1f836a1d45489ec5c4174ce4c3659da659a7089ac
NQZ26/full/summary/-,row,measured,4,302,1.3335572999785654,1.3086987,369239728,131,0,7692171,7692171,1,912e9eb917468d16f6aaeed1f836a1d45489ec5c4174ce4c3659da659a7089ac
NQZ26/full/summary/-,column,measured,4,303,0.8054298000060953,0.7893229,184659064,131,0,7692171,7692171,1,912e9eb917468d16f6aaeed1f836a1d45489ec5c4174ce4c3659da659a7089ac
NQZ26/full/summary/-,pruned,measured,4,304,0.8274115999811329,0.7940728,184659064,131,0,7692171,7692171,1,912e9eb917468d16f6aaeed1f836a1d45489ec5c4174ce4c3659da659a7089ac
ESZ26/full/bars/1h,pruned,measured,4,305,1.87031259998912,1.8430569,410781160,274,0,17111923,17111923,405,833f885466de93a08991d071a5319342002971ddd06eafd63d7b3dd9c3b8d35f
ESZ26/full/bars/1h,duckdb,measured,4,306,2.7106796999578364,2.398212199972477,,,,,,405,833f885466de93a08991d071a5319342002971ddd06eafd63d7b3dd9c3b8d35f
ESZ26/full/bars/1h,row,measured,4,307,2.962248199968599,2.9465923,821401552,274,0,17111923,17111923,405,833f885466de93a08991d071a5319342002971ddd06eafd63d7b3dd9c3b8d35f
ESZ26/full/bars/1h,column,measured,4,308,1.8981091000023298,1.8816657,410781160,274,0,17111923,17111923,405,833f885466de93a08991d071a5319342002971ddd06eafd63d7b3dd9c3b8d35f
ESZ26/day/summary/-,duckdb,measured,4,309,0.3757493000011891,0.0633185000042431,,,,,,1,e9725edf2bc1c6ac9ee013143cc7e311ab751899a4c0b3eaf7ff543bf310ead3
ESZ26/day/summary/-,row,measured,4,310,2.780283300031442,2.7633113,821401552,274,0,17111923,1663822,1,e9725edf2bc1c6ac9ee013143cc7e311ab751899a4c0b3eaf7ff543bf310ead3
ESZ26/day/summary/-,column,measured,4,311,1.5153517000144348,1.4895711,410781160,274,0,17111923,1663822,1,e9725edf2bc1c6ac9ee013143cc7e311ab751899a4c0b3eaf7ff543bf310ead3
ESZ26/day/summary/-,pruned,measured,4,312,0.19142280000960454,0.173101,40026736,274,248,1663822,1663822,1,e9725edf2bc1c6ac9ee013143cc7e311ab751899a4c0b3eaf7ff543bf310ead3
NQZ26/day/bars/1m,column,measured,4,313,0.6665445999824442,0.6516297,184659064,131,0,7692171,731731,1380,023e6e13fd6a1c88b65842323f13059f5a74c0b4e72112582b8b7819f25a521a
NQZ26/day/bars/1m,pruned,measured,4,314,0.11825320002390072,0.0933752,17608504,131,119,731731,731731,1380,023e6e13fd6a1c88b65842323f13059f5a74c0b4e72112582b8b7819f25a521a
NQZ26/day/bars/1m,duckdb,measured,4,315,0.43940329999895766,0.13136180001311004,,,,,,1380,023e6e13fd6a1c88b65842323f13059f5a74c0b4e72112582b8b7819f25a521a
NQZ26/day/bars/1m,row,measured,4,316,1.2692904000286944,1.2517993,369239728,131,0,7692171,731731,1380,023e6e13fd6a1c88b65842323f13059f5a74c0b4e72112582b8b7819f25a521a
ESZ26/day/bars/1h,pruned,measured,4,317,0.19057380000595003,0.1755765,40026736,274,248,1663822,1663822,23,0ab687693333c92e3bbfd8cf494e853fa4c580ea11786eb71f762e3a5ac644bf
ESZ26/day/bars/1h,duckdb,measured,4,318,0.5455063999979757,0.23593550000805408,,,,,,23,0ab687693333c92e3bbfd8cf494e853fa4c580ea11786eb71f762e3a5ac644bf
ESZ26/day/bars/1h,row,measured,4,319,2.7765670999651775,2.7608123,821401552,274,0,17111923,1663822,23,0ab687693333c92e3bbfd8cf494e853fa4c580ea11786eb71f762e3a5ac644bf
ESZ26/day/bars/1h,column,measured,4,320,1.4909595999633893,1.4749979,410781160,274,0,17111923,1663822,23,0ab687693333c92e3bbfd8cf494e853fa4c580ea11786eb71f762e3a5ac644bf
NQZ26/ten_minutes/bars/1h,pruned,measured,4,321,0.030638500000350177,0.0150987,3192688,131,129,131072,19858,1,df3b50da996c3b943508ed61cb0606942dbd801e1dde0b30aabf8116c8a054b0
NQZ26/ten_minutes/bars/1h,duckdb,measured,4,322,0.3227562999818474,0.0096479999483563,,,,,,1,df3b50da996c3b943508ed61cb0606942dbd801e1dde0b30aabf8116c8a054b0
NQZ26/ten_minutes/bars/1h,row,measured,4,323,1.244958899973426,1.229953,369239728,131,0,7692171,19858,1,df3b50da996c3b943508ed61cb0606942dbd801e1dde0b30aabf8116c8a054b0
NQZ26/ten_minutes/bars/1h,column,measured,4,324,0.6640885999659076,0.6474978,184659064,131,0,7692171,19858,1,df3b50da996c3b943508ed61cb0606942dbd801e1dde0b30aabf8116c8a054b0
NQZ26/full/flow/-,row,measured,4,325,1.4497963999747299,1.4336647,369239728,131,0,7692171,7692171,1,b037820dc90976fe06076b38f39d18262b0b679a36fc8a1406a0ae06220ecada
NQZ26/full/flow/-,column,measured,4,326,1.2501347999786958,1.2342407,307733800,131,0,7692171,7692171,1,b037820dc90976fe06076b38f39d18262b0b679a36fc8a1406a0ae06220ecada
NQZ26/full/flow/-,pruned,measured,4,327,1.2510609999881126,1.2273277,307733800,131,0,7692171,7692171,1,b037820dc90976fe06076b38f39d18262b0b679a36fc8a1406a0ae06220ecada
NQZ26/full/flow/-,duckdb,measured,4,328,0.7441048999899067,0.4482607999816537,,,,,,1,b037820dc90976fe06076b38f39d18262b0b679a36fc8a1406a0ae06220ecada
ESZ26/full/bars/1m,column,measured,4,329,2.0868127000285313,2.0642195,410781160,274,0,17111923,17111923,24104,4386409cb5a66110db1754b70f3517e9d1e5d70a9738216f664f3f4099650f38
ESZ26/full/bars/1m,pruned,measured,4,330,2.066078500007279,2.0451958,410781160,274,0,17111923,17111923,24104,4386409cb5a66110db1754b70f3517e9d1e5d70a9738216f664f3f4099650f38
ESZ26/full/bars/1m,duckdb,measured,4,331,3.083663700032048,2.7697995999478735,,,,,,24104,4386409cb5a66110db1754b70f3517e9d1e5d70a9738216f664f3f4099650f38
ESZ26/full/bars/1m,row,measured,4,332,3.1604893999756314,3.1388689,821401552,274,0,17111923,17111923,24104,4386409cb5a66110db1754b70f3517e9d1e5d70a9738216f664f3f4099650f38
ESZ26/full/summary/-,duckdb,measured,4,333,0.9129756999900565,0.594868200016208,,,,,,1,2524acf5f7f08f7f2f1e8ddf7e8b0e28f30c7c5bc8a4d3573edcbbf04d8a790a
ESZ26/full/summary/-,row,measured,4,334,2.9128627000027336,2.8965288,821401552,274,0,17111923,17111923,1,2524acf5f7f08f7f2f1e8ddf7e8b0e28f30c7c5bc8a4d3573edcbbf04d8a790a
ESZ26/full/summary/-,column,measured,4,335,1.8318417000118643,1.8057545,410781160,274,0,17111923,17111923,1,2524acf5f7f08f7f2f1e8ddf7e8b0e28f30c7c5bc8a4d3573edcbbf04d8a790a
ESZ26/full/summary/-,pruned,measured,4,336,1.8781034999992698,1.8536916,410781160,274,0,17111923,17111923,1,2524acf5f7f08f7f2f1e8ddf7e8b0e28f30c7c5bc8a4d3573edcbbf04d8a790a
NQZ26/ten_minutes/bars/1m,column,measured,4,337,0.6399525000015274,0.6236664,184659064,131,0,7692171,19858,10,4b3e9bee9636be070134df558c9fc8683df10cb12d161c994e4a87074be2df9e
NQZ26/ten_minutes/bars/1m,pruned,measured,4,338,0.029889400000683963,0.0146617,3192688,131,129,131072,19858,10,4b3e9bee9636be070134df558c9fc8683df10cb12d161c994e4a87074be2df9e
NQZ26/ten_minutes/bars/1m,duckdb,measured,4,339,0.32355839997762814,0.009538199985399842,,,,,,10,4b3e9bee9636be070134df558c9fc8683df10cb12d161c994e4a87074be2df9e
NQZ26/ten_minutes/bars/1m,row,measured,4,340,1.2369304000167176,1.2117556,369239728,131,0,7692171,19858,10,4b3e9bee9636be070134df558c9fc8683df10cb12d161c994e4a87074be2df9e
NQZ26/day/bars/1h,pruned,measured,4,341,0.09274170000571758,0.078135,17608504,131,119,731731,731731,23,bef7c843a3d380330103c9f62350d18fe0469ddfc3645ce06341634a9c32edf6
NQZ26/day/bars/1h,duckdb,measured,4,342,0.4229918000055477,0.1128496999735944,,,,,,23,bef7c843a3d380330103c9f62350d18fe0469ddfc3645ce06341634a9c32edf6
NQZ26/day/bars/1h,row,measured,4,343,1.2827984999748878,1.2666433,369239728,131,0,7692171,731731,23,bef7c843a3d380330103c9f62350d18fe0469ddfc3645ce06341634a9c32edf6
NQZ26/day/bars/1h,column,measured,4,344,0.6458352000336163,0.6303335,184659064,131,0,7692171,731731,23,bef7c843a3d380330103c9f62350d18fe0469ddfc3645ce06341634a9c32edf6
NQZ26/full/bars/1h,pruned,measured,4,345,0.8322464000084437,0.8175513,184659064,131,0,7692171,7692171,405,bc166fd7b12108cc0740baf8431876e7ee76556167cc3097b9de59c5ceda5682
NQZ26/full/bars/1h,duckdb,measured,4,346,1.472271799982991,1.1323033000226133,,,,,,405,bc166fd7b12108cc0740baf8431876e7ee76556167cc3097b9de59c5ceda5682
NQZ26/full/bars/1h,row,measured,4,347,1.382626899983734,1.3671601,369239728,131,0,7692171,7692171,405,bc166fd7b12108cc0740baf8431876e7ee76556167cc3097b9de59c5ceda5682
NQZ26/full/bars/1h,column,measured,4,348,0.8498617999721318,0.8326694,184659064,131,0,7692171,7692171,405,bc166fd7b12108cc0740baf8431876e7ee76556167cc3097b9de59c5ceda5682
NQZ26/ten_minutes/summary/-,duckdb,measured,4,349,0.3243173999944702,0.005368099955376238,,,,,,1,7cef7f69ace2a505ed309cc1c2b0370950aa5b9e9b9e6480447147eb773281bf
NQZ26/ten_minutes/summary/-,row,measured,4,350,1.2254568000207655,1.2031408,369239728,131,0,7692171,19858,1,7cef7f69ace2a505ed309cc1c2b0370950aa5b9e9b9e6480447147eb773281bf
NQZ26/ten_minutes/summary/-,column,measured,4,351,0.6398849000106566,0.6222146,184659064,131,0,7692171,19858,1,7cef7f69ace2a505ed309cc1c2b0370950aa5b9e9b9e6480447147eb773281bf
NQZ26/ten_minutes/summary/-,pruned,measured,4,352,0.030326000007335097,0.0147986,3192688,131,129,131072,19858,1,7cef7f69ace2a505ed309cc1c2b0370950aa5b9e9b9e6480447147eb773281bf
NQZ26/day/summary/-,duckdb,measured,4,353,0.34809189999941736,0.02962459996342659,,,,,,1,e6e3c25e92c70989561a89c23c85331f7a8788687143c40a1431043f241ffc2c
NQZ26/day/summary/-,row,measured,4,354,1.2290015000035055,1.210332,369239728,131,0,7692171,731731,1,e6e3c25e92c70989561a89c23c85331f7a8788687143c40a1431043f241ffc2c
NQZ26/day/summary/-,column,measured,4,355,0.6979352000053041,0.679072,184659064,131,0,7692171,731731,1,e6e3c25e92c70989561a89c23c85331f7a8788687143c40a1431043f241ffc2c
NQZ26/day/summary/-,pruned,measured,4,356,0.10754190001171082,0.0853511,17608504,131,119,731731,731731,1,e6e3c25e92c70989561a89c23c85331f7a8788687143c40a1431043f241ffc2c
ESZ26/full/flow/-,row,measured,4,357,3.243342700006906,3.2257557,821401552,274,0,17111923,17111923,1,508854b9eeec3a12c14f674f7e1b69322f29cb088cd0c8cdbe5bdf83c0f51578
ESZ26/full/flow/-,column,measured,4,358,3.100670400017407,3.0747944,684571928,274,0,17111923,17111923,1,508854b9eeec3a12c14f674f7e1b69322f29cb088cd0c8cdbe5bdf83c0f51578
ESZ26/full/flow/-,pruned,measured,4,359,2.7294011000194587,2.7112205,684571928,274,0,17111923,17111923,1,508854b9eeec3a12c14f674f7e1b69322f29cb088cd0c8cdbe5bdf83c0f51578
ESZ26/full/flow/-,duckdb,measured,4,360,1.3001703000045381,0.9754253000137396,,,,,,1,508854b9eeec3a12c14f674f7e1b69322f29cb088cd0c8cdbe5bdf83c0f51578
ESZ26/day/flow/-,row,measured,4,361,2.839401100005489,2.8230782,821401552,274,0,17111923,1663822,1,4834e7227f05193a4dd689b0c5c51563556c2178899e1bdb6b769856083e6b9c
ESZ26/day/flow/-,column,measured,4,362,2.3634237999795005,2.3485782,684571928,274,0,17111923,1663822,1,4834e7227f05193a4dd689b0c5c51563556c2178899e1bdb6b769856083e6b9c
ESZ26/day/flow/-,pruned,measured,4,363,0.27965010004118085,0.2653229,66647888,274,248,1663822,1663822,1,4834e7227f05193a4dd689b0c5c51563556c2178899e1bdb6b769856083e6b9c
ESZ26/day/flow/-,duckdb,measured,4,364,0.41293660004157573,0.10127210000064224,,,,,,1,4834e7227f05193a4dd689b0c5c51563556c2178899e1bdb6b769856083e6b9c
NQZ26/day/flow/-,row,measured,4,365,1.300628199998755,1.2741008,369239728,131,0,7692171,731731,1,37f6c86af36fad4c3f0574222020ee24b81f0a264768f1374d1a1665ecd6300a
NQZ26/day/flow/-,column,measured,4,366,1.0782465999945998,1.0621187,307733800,131,0,7692171,731731,1,37f6c86af36fad4c3f0574222020ee24b81f0a264768f1374d1a1665ecd6300a
NQZ26/day/flow/-,pruned,measured,4,367,0.13548050000099465,0.1199801,29316200,131,119,731731,731731,1,37f6c86af36fad4c3f0574222020ee24b81f0a264768f1374d1a1665ecd6300a
NQZ26/day/flow/-,duckdb,measured,4,368,0.36770060000708327,0.050793000031262636,,,,,,1,37f6c86af36fad4c3f0574222020ee24b81f0a264768f1374d1a1665ecd6300a
ESZ26/ten_minutes/bars/1h,pruned,measured,4,369,0.0341484000091441,0.0157322,3240736,274,272,131072,46082,1,e550b8ad4bf725f9fb18594215253c2181a957e63a7c89fcf1667216e0a4a966
ESZ26/ten_minutes/bars/1h,duckdb,measured,4,370,0.320216599968262,0.013176199980080128,,,,,,1,e550b8ad4bf725f9fb18594215253c2181a957e63a7c89fcf1667216e0a4a966
ESZ26/ten_minutes/bars/1h,row,measured,4,371,2.695484399970155,2.6694554,821401552,274,0,17111923,46082,1,e550b8ad4bf725f9fb18594215253c2181a957e63a7c89fcf1667216e0a4a966
ESZ26/ten_minutes/bars/1h,column,measured,4,372,1.4424626000109129,1.4274835,410781160,274,0,17111923,46082,1,e550b8ad4bf725f9fb18594215253c2181a957e63a7c89fcf1667216e0a4a966
ESZ26/ten_minutes/summary/-,duckdb,measured,4,373,0.31461669999407604,0.006610300042666495,,,,,,1,4925db5150b95a1652baa9a9e047c75833143a1acd114117eebabcbeb9efb97a
ESZ26/ten_minutes/summary/-,row,measured,4,374,2.7698459000093862,2.7527035,821401552,274,0,17111923,46082,1,4925db5150b95a1652baa9a9e047c75833143a1acd114117eebabcbeb9efb97a
ESZ26/ten_minutes/summary/-,column,measured,4,375,1.451291500008665,1.4285361,410781160,274,0,17111923,46082,1,4925db5150b95a1652baa9a9e047c75833143a1acd114117eebabcbeb9efb97a
ESZ26/ten_minutes/summary/-,pruned,measured,4,376,0.03174509998643771,0.0156256,3240736,274,272,131072,46082,1,4925db5150b95a1652baa9a9e047c75833143a1acd114117eebabcbeb9efb97a
ESZ26/ten_minutes/bars/1m,column,measured,4,377,1.452411700040102,1.4370324,410781160,274,0,17111923,46082,10,0d31b4d5491c1ebcb873e7b14fed1b423da80bea10b445108ccf13f74c51e396
ESZ26/ten_minutes/bars/1m,pruned,measured,4,378,0.04476040002191439,0.0173306,3240736,274,272,131072,46082,10,0d31b4d5491c1ebcb873e7b14fed1b423da80bea10b445108ccf13f74c51e396
ESZ26/ten_minutes/bars/1m,duckdb,measured,4,379,0.3114928000140935,0.013253399985842407,,,,,,10,0d31b4d5491c1ebcb873e7b14fed1b423da80bea10b445108ccf13f74c51e396
ESZ26/ten_minutes/bars/1m,row,measured,4,380,2.6917155000264756,2.6677236,821401552,274,0,17111923,46082,10,0d31b4d5491c1ebcb873e7b14fed1b423da80bea10b445108ccf13f74c51e396
NQZ26/ten_minutes/flow/-,row,measured,4,381,1.2823670000070706,1.2658251,369239728,131,0,7692171,19858,1,80351e3dafe91d9377541e85042a0b293217c285b1e39b212cac5ef9074d48c3
NQZ26/ten_minutes/flow/-,column,measured,4,382,1.059080399980303,1.0440485,307733800,131,0,7692171,19858,1,80351e3dafe91d9377541e85042a0b293217c285b1e39b212cac5ef9074d48c3
NQZ26/ten_minutes/flow/-,pruned,measured,4,383,0.04845190001651645,0.0223187,5289840,131,129,131072,19858,1,80351e3dafe91d9377541e85042a0b293217c285b1e39b212cac5ef9074d48c3
NQZ26/ten_minutes/flow/-,duckdb,measured,4,384,0.32498109998414293,0.007087400008458644,,,,,,1,80351e3dafe91d9377541e85042a0b293217c285b1e39b212cac5ef9074d48c3
NQZ26/day/bars/1h,duckdb,measured,5,385,0.4224309000419453,0.1135503999539651,,,,,,23,bef7c843a3d380330103c9f62350d18fe0469ddfc3645ce06341634a9c32edf6
NQZ26/day/bars/1h,row,measured,5,386,1.2463534999988042,1.2210531,369239728,131,0,7692171,731731,23,bef7c843a3d380330103c9f62350d18fe0469ddfc3645ce06341634a9c32edf6
NQZ26/day/bars/1h,column,measured,5,387,0.6588031999999657,0.6341568,184659064,131,0,7692171,731731,23,bef7c843a3d380330103c9f62350d18fe0469ddfc3645ce06341634a9c32edf6
NQZ26/day/bars/1h,pruned,measured,5,388,0.09624709998024628,0.0803301,17608504,131,119,731731,731731,23,bef7c843a3d380330103c9f62350d18fe0469ddfc3645ce06341634a9c32edf6
NQZ26/ten_minutes/bars/1m,pruned,measured,5,389,0.032861099985893816,0.014732,3192688,131,129,131072,19858,10,4b3e9bee9636be070134df558c9fc8683df10cb12d161c994e4a87074be2df9e
NQZ26/ten_minutes/bars/1m,duckdb,measured,5,390,0.31834690005052835,0.011008800007402897,,,,,,10,4b3e9bee9636be070134df558c9fc8683df10cb12d161c994e4a87074be2df9e
NQZ26/ten_minutes/bars/1m,row,measured,5,391,1.2215114000136964,1.2030281,369239728,131,0,7692171,19858,10,4b3e9bee9636be070134df558c9fc8683df10cb12d161c994e4a87074be2df9e
NQZ26/ten_minutes/bars/1m,column,measured,5,392,0.6481913999887183,0.6323191,184659064,131,0,7692171,19858,10,4b3e9bee9636be070134df558c9fc8683df10cb12d161c994e4a87074be2df9e
ESZ26/day/flow/-,column,measured,5,393,2.356524500006344,2.3393903,684571928,274,0,17111923,1663822,1,4834e7227f05193a4dd689b0c5c51563556c2178899e1bdb6b769856083e6b9c
ESZ26/day/flow/-,pruned,measured,5,394,0.290050900017377,0.2661031,66647888,274,248,1663822,1663822,1,4834e7227f05193a4dd689b0c5c51563556c2178899e1bdb6b769856083e6b9c
ESZ26/day/flow/-,duckdb,measured,5,395,0.4062516000121832,0.09718979999888688,,,,,,1,4834e7227f05193a4dd689b0c5c51563556c2178899e1bdb6b769856083e6b9c
ESZ26/day/flow/-,row,measured,5,396,2.8867578000063077,2.8700874,821401552,274,0,17111923,1663822,1,4834e7227f05193a4dd689b0c5c51563556c2178899e1bdb6b769856083e6b9c
ESZ26/ten_minutes/bars/1h,duckdb,measured,5,397,0.34812919999239966,0.020319100003689528,,,,,,1,e550b8ad4bf725f9fb18594215253c2181a957e63a7c89fcf1667216e0a4a966
ESZ26/ten_minutes/bars/1h,row,measured,5,398,2.7511470000026748,2.7345753,821401552,274,0,17111923,46082,1,e550b8ad4bf725f9fb18594215253c2181a957e63a7c89fcf1667216e0a4a966
ESZ26/ten_minutes/bars/1h,column,measured,5,399,1.4590562999946997,1.4416441,410781160,274,0,17111923,46082,1,e550b8ad4bf725f9fb18594215253c2181a957e63a7c89fcf1667216e0a4a966
ESZ26/ten_minutes/bars/1h,pruned,measured,5,400,0.031170900037977844,0.0158739,3240736,274,272,131072,46082,1,e550b8ad4bf725f9fb18594215253c2181a957e63a7c89fcf1667216e0a4a966
ESZ26/day/bars/1h,duckdb,measured,5,401,0.5565550000173971,0.2407369000138715,,,,,,23,0ab687693333c92e3bbfd8cf494e853fa4c580ea11786eb71f762e3a5ac644bf
ESZ26/day/bars/1h,row,measured,5,402,2.7328992999973707,2.7190703,821401552,274,0,17111923,1663822,23,0ab687693333c92e3bbfd8cf494e853fa4c580ea11786eb71f762e3a5ac644bf
ESZ26/day/bars/1h,column,measured,5,403,1.509934699977748,1.4937071,410781160,274,0,17111923,1663822,23,0ab687693333c92e3bbfd8cf494e853fa4c580ea11786eb71f762e3a5ac644bf
ESZ26/day/bars/1h,pruned,measured,5,404,0.19080540002323687,0.1756928,40026736,274,248,1663822,1663822,23,0ab687693333c92e3bbfd8cf494e853fa4c580ea11786eb71f762e3a5ac644bf
ESZ26/ten_minutes/flow/-,column,measured,5,405,2.3399143999558873,2.3143376,684571928,274,0,17111923,46082,1,84e77dff30bb8e76dd3d676d39cc856a6eac548a672cfc4974b0f44cdc2a5500
ESZ26/ten_minutes/flow/-,pruned,measured,5,406,0.03891140001360327,0.0231308,5337888,274,272,131072,46082,1,84e77dff30bb8e76dd3d676d39cc856a6eac548a672cfc4974b0f44cdc2a5500
ESZ26/ten_minutes/flow/-,duckdb,measured,5,407,0.2947942999890074,0.008684000000357628,,,,,,1,84e77dff30bb8e76dd3d676d39cc856a6eac548a672cfc4974b0f44cdc2a5500
ESZ26/ten_minutes/flow/-,row,measured,5,408,2.8316532999742776,2.814864,821401552,274,0,17111923,46082,1,84e77dff30bb8e76dd3d676d39cc856a6eac548a672cfc4974b0f44cdc2a5500
NQZ26/ten_minutes/bars/1h,duckdb,measured,5,409,0.3136126999743283,0.009696000022813678,,,,,,1,df3b50da996c3b943508ed61cb0606942dbd801e1dde0b30aabf8116c8a054b0
NQZ26/ten_minutes/bars/1h,row,measured,5,410,1.218900699983351,1.2014234,369239728,131,0,7692171,19858,1,df3b50da996c3b943508ed61cb0606942dbd801e1dde0b30aabf8116c8a054b0
NQZ26/ten_minutes/bars/1h,column,measured,5,411,0.6323204999789596,0.6182432,184659064,131,0,7692171,19858,1,df3b50da996c3b943508ed61cb0606942dbd801e1dde0b30aabf8116c8a054b0
NQZ26/ten_minutes/bars/1h,pruned,measured,5,412,0.03855529997963458,0.0149532,3192688,131,129,131072,19858,1,df3b50da996c3b943508ed61cb0606942dbd801e1dde0b30aabf8116c8a054b0
NQZ26/day/bars/1m,pruned,measured,5,413,0.10741630004486069,0.0926956,17608504,131,119,731731,731731,1380,023e6e13fd6a1c88b65842323f13059f5a74c0b4e72112582b8b7819f25a521a
NQZ26/day/bars/1m,duckdb,measured,5,414,0.4359269999549724,0.13062289997469634,,,,,,1380,023e6e13fd6a1c88b65842323f13059f5a74c0b4e72112582b8b7819f25a521a
NQZ26/day/bars/1m,row,measured,5,415,1.2442335999803618,1.2266867,369239728,131,0,7692171,731731,1380,023e6e13fd6a1c88b65842323f13059f5a74c0b4e72112582b8b7819f25a521a
NQZ26/day/bars/1m,column,measured,5,416,0.6671391999698244,0.6519251,184659064,131,0,7692171,731731,1380,023e6e13fd6a1c88b65842323f13059f5a74c0b4e72112582b8b7819f25a521a
ESZ26/full/bars/1h,duckdb,measured,5,417,2.7123660999932326,2.395603100012522,,,,,,405,833f885466de93a08991d071a5319342002971ddd06eafd63d7b3dd9c3b8d35f
ESZ26/full/bars/1h,row,measured,5,418,2.9736460000276566,2.9586119,821401552,274,0,17111923,17111923,405,833f885466de93a08991d071a5319342002971ddd06eafd63d7b3dd9c3b8d35f
ESZ26/full/bars/1h,column,measured,5,419,1.8546594000072218,1.8405782,410781160,274,0,17111923,17111923,405,833f885466de93a08991d071a5319342002971ddd06eafd63d7b3dd9c3b8d35f
ESZ26/full/bars/1h,pruned,measured,5,420,1.8726787999621592,1.8549388,410781160,274,0,17111923,17111923,405,833f885466de93a08991d071a5319342002971ddd06eafd63d7b3dd9c3b8d35f
NQZ26/ten_minutes/summary/-,row,measured,5,421,1.2241619999986142,1.2062656,369239728,131,0,7692171,19858,1,7cef7f69ace2a505ed309cc1c2b0370950aa5b9e9b9e6480447147eb773281bf
NQZ26/ten_minutes/summary/-,column,measured,5,422,0.6893614999717101,0.6734113,184659064,131,0,7692171,19858,1,7cef7f69ace2a505ed309cc1c2b0370950aa5b9e9b9e6480447147eb773281bf
NQZ26/ten_minutes/summary/-,pruned,measured,5,423,0.03236890002153814,0.0155025,3192688,131,129,131072,19858,1,7cef7f69ace2a505ed309cc1c2b0370950aa5b9e9b9e6480447147eb773281bf
NQZ26/ten_minutes/summary/-,duckdb,measured,5,424,0.3303071000264026,0.006078300008084625,,,,,,1,7cef7f69ace2a505ed309cc1c2b0370950aa5b9e9b9e6480447147eb773281bf
NQZ26/full/bars/1m,pruned,measured,5,425,1.0455585999879986,1.0158757,184659064,131,0,7692171,7692171,23485,e742a99e661eb774aa343b8c1a3c1ae9e3e3e4ae83bd235c6f6d9c29c08fa56b
NQZ26/full/bars/1m,duckdb,measured,5,426,1.7650711000314914,1.4462332000257447,,,,,,23485,e742a99e661eb774aa343b8c1a3c1ae9e3e3e4ae83bd235c6f6d9c29c08fa56b
NQZ26/full/bars/1m,row,measured,5,427,1.5632875000010245,1.5325863,369239728,131,0,7692171,7692171,23485,e742a99e661eb774aa343b8c1a3c1ae9e3e3e4ae83bd235c6f6d9c29c08fa56b
NQZ26/full/bars/1m,column,measured,5,428,1.039842400001362,1.0157811,184659064,131,0,7692171,7692171,23485,e742a99e661eb774aa343b8c1a3c1ae9e3e3e4ae83bd235c6f6d9c29c08fa56b
NQZ26/ten_minutes/flow/-,column,measured,5,429,1.07233549997909,1.0482751,307733800,131,0,7692171,19858,1,80351e3dafe91d9377541e85042a0b293217c285b1e39b212cac5ef9074d48c3
NQZ26/ten_minutes/flow/-,pruned,measured,5,430,0.03905339998891577,0.0221406,5289840,131,129,131072,19858,1,80351e3dafe91d9377541e85042a0b293217c285b1e39b212cac5ef9074d48c3
NQZ26/ten_minutes/flow/-,duckdb,measured,5,431,0.32852840004488826,0.007171700010076165,,,,,,1,80351e3dafe91d9377541e85042a0b293217c285b1e39b212cac5ef9074d48c3
NQZ26/ten_minutes/flow/-,row,measured,5,432,1.289384900010191,1.2736964,369239728,131,0,7692171,19858,1,80351e3dafe91d9377541e85042a0b293217c285b1e39b212cac5ef9074d48c3
NQZ26/day/summary/-,row,measured,5,433,1.2357536000199616,1.2106158,369239728,131,0,7692171,731731,1,e6e3c25e92c70989561a89c23c85331f7a8788687143c40a1431043f241ffc2c
NQZ26/day/summary/-,column,measured,5,434,0.6513944000471383,0.633733,184659064,131,0,7692171,731731,1,e6e3c25e92c70989561a89c23c85331f7a8788687143c40a1431043f241ffc2c
NQZ26/day/summary/-,pruned,measured,5,435,0.0939553999924101,0.0779716,17608504,131,119,731731,731731,1,e6e3c25e92c70989561a89c23c85331f7a8788687143c40a1431043f241ffc2c
NQZ26/day/summary/-,duckdb,measured,5,436,0.3573206000146456,0.03133259998867288,,,,,,1,e6e3c25e92c70989561a89c23c85331f7a8788687143c40a1431043f241ffc2c
ESZ26/ten_minutes/summary/-,row,measured,5,437,2.6908582000178285,2.6749451,821401552,274,0,17111923,46082,1,4925db5150b95a1652baa9a9e047c75833143a1acd114117eebabcbeb9efb97a
ESZ26/ten_minutes/summary/-,column,measured,5,438,1.4643171000061557,1.4485289,410781160,274,0,17111923,46082,1,4925db5150b95a1652baa9a9e047c75833143a1acd114117eebabcbeb9efb97a
ESZ26/ten_minutes/summary/-,pruned,measured,5,439,0.03041280002798885,0.015764,3240736,274,272,131072,46082,1,4925db5150b95a1652baa9a9e047c75833143a1acd114117eebabcbeb9efb97a
ESZ26/ten_minutes/summary/-,duckdb,measured,5,440,0.31636450003134087,0.006850300007499754,,,,,,1,4925db5150b95a1652baa9a9e047c75833143a1acd114117eebabcbeb9efb97a
NQZ26/full/summary/-,row,measured,5,441,1.3208125999663025,1.3037849,369239728,131,0,7692171,7692171,1,912e9eb917468d16f6aaeed1f836a1d45489ec5c4174ce4c3659da659a7089ac
NQZ26/full/summary/-,column,measured,5,442,0.8213893999927677,0.7954433,184659064,131,0,7692171,7692171,1,912e9eb917468d16f6aaeed1f836a1d45489ec5c4174ce4c3659da659a7089ac
NQZ26/full/summary/-,pruned,measured,5,443,0.8125710000167601,0.7930099,184659064,131,0,7692171,7692171,1,912e9eb917468d16f6aaeed1f836a1d45489ec5c4174ce4c3659da659a7089ac
NQZ26/full/summary/-,duckdb,measured,5,444,0.5840628999867477,0.27096230001188815,,,,,,1,912e9eb917468d16f6aaeed1f836a1d45489ec5c4174ce4c3659da659a7089ac
ESZ26/ten_minutes/bars/1m,pruned,measured,5,445,0.0326962000108324,0.0155764,3240736,274,272,131072,46082,10,0d31b4d5491c1ebcb873e7b14fed1b423da80bea10b445108ccf13f74c51e396
ESZ26/ten_minutes/bars/1m,duckdb,measured,5,446,0.30939609999768436,0.013234800018835813,,,,,,10,0d31b4d5491c1ebcb873e7b14fed1b423da80bea10b445108ccf13f74c51e396
ESZ26/ten_minutes/bars/1m,row,measured,5,447,2.6921378999832086,2.6772367,821401552,274,0,17111923,46082,10,0d31b4d5491c1ebcb873e7b14fed1b423da80bea10b445108ccf13f74c51e396
ESZ26/ten_minutes/bars/1m,column,measured,5,448,1.450076699955389,1.4337352,410781160,274,0,17111923,46082,10,0d31b4d5491c1ebcb873e7b14fed1b423da80bea10b445108ccf13f74c51e396
ESZ26/full/flow/-,column,measured,5,449,2.726323599985335,2.7120523,684571928,274,0,17111923,17111923,1,508854b9eeec3a12c14f674f7e1b69322f29cb088cd0c8cdbe5bdf83c0f51578
ESZ26/full/flow/-,pruned,measured,5,450,2.739282499998808,2.7230208,684571928,274,0,17111923,17111923,1,508854b9eeec3a12c14f674f7e1b69322f29cb088cd0c8cdbe5bdf83c0f51578
ESZ26/full/flow/-,duckdb,measured,5,451,1.2455645000445656,0.9342474999721162,,,,,,1,508854b9eeec3a12c14f674f7e1b69322f29cb088cd0c8cdbe5bdf83c0f51578
ESZ26/full/flow/-,row,measured,5,452,3.004916300007608,2.9888043,821401552,274,0,17111923,17111923,1,508854b9eeec3a12c14f674f7e1b69322f29cb088cd0c8cdbe5bdf83c0f51578
ESZ26/day/bars/1m,pruned,measured,5,453,0.20293980004498735,0.1859278,40026736,274,248,1663822,1663822,1380,ce4db5049a1ba454ae08fa7a9275da923c39998df446090f114d8fc48798818f
ESZ26/day/bars/1m,duckdb,measured,5,454,0.5611819999758154,0.2615164000308141,,,,,,1380,ce4db5049a1ba454ae08fa7a9275da923c39998df446090f114d8fc48798818f
ESZ26/day/bars/1m,row,measured,5,455,2.7236096000415273,2.6990493,821401552,274,0,17111923,1663822,1380,ce4db5049a1ba454ae08fa7a9275da923c39998df446090f114d8fc48798818f
ESZ26/day/bars/1m,column,measured,5,456,1.489093000011053,1.4733097,410781160,274,0,17111923,1663822,1380,ce4db5049a1ba454ae08fa7a9275da923c39998df446090f114d8fc48798818f
ESZ26/full/bars/1m,pruned,measured,5,457,2.0858708000159822,2.0639123,410781160,274,0,17111923,17111923,24104,4386409cb5a66110db1754b70f3517e9d1e5d70a9738216f664f3f4099650f38
ESZ26/full/bars/1m,duckdb,measured,5,458,3.0975567999994382,2.782615500036627,,,,,,24104,4386409cb5a66110db1754b70f3517e9d1e5d70a9738216f664f3f4099650f38
ESZ26/full/bars/1m,row,measured,5,459,3.1865520999999717,3.1661312,821401552,274,0,17111923,17111923,24104,4386409cb5a66110db1754b70f3517e9d1e5d70a9738216f664f3f4099650f38
ESZ26/full/bars/1m,column,measured,5,460,2.094283400045242,2.0664034,410781160,274,0,17111923,17111923,24104,4386409cb5a66110db1754b70f3517e9d1e5d70a9738216f664f3f4099650f38
NQZ26/full/bars/1h,duckdb,measured,5,461,1.4208515000063926,1.1127147999941371,,,,,,405,bc166fd7b12108cc0740baf8431876e7ee76556167cc3097b9de59c5ceda5682
NQZ26/full/bars/1h,row,measured,5,462,1.3513521999702789,1.3270553,369239728,131,0,7692171,7692171,405,bc166fd7b12108cc0740baf8431876e7ee76556167cc3097b9de59c5ceda5682
NQZ26/full/bars/1h,column,measured,5,463,0.8261342999758199,0.8103979,184659064,131,0,7692171,7692171,405,bc166fd7b12108cc0740baf8431876e7ee76556167cc3097b9de59c5ceda5682
NQZ26/full/bars/1h,pruned,measured,5,464,0.8064278000383638,0.7900905,184659064,131,0,7692171,7692171,405,bc166fd7b12108cc0740baf8431876e7ee76556167cc3097b9de59c5ceda5682
NQZ26/day/flow/-,column,measured,5,465,1.0775401999708265,1.0617416,307733800,131,0,7692171,731731,1,37f6c86af36fad4c3f0574222020ee24b81f0a264768f1374d1a1665ecd6300a
NQZ26/day/flow/-,pruned,measured,5,466,0.13264930003788322,0.1185279,29316200,131,119,731731,731731,1,37f6c86af36fad4c3f0574222020ee24b81f0a264768f1374d1a1665ecd6300a
NQZ26/day/flow/-,duckdb,measured,5,467,0.33920250000664964,0.05011519999243319,,,,,,1,37f6c86af36fad4c3f0574222020ee24b81f0a264768f1374d1a1665ecd6300a
NQZ26/day/flow/-,row,measured,5,468,1.302672000019811,1.2883942,369239728,131,0,7692171,731731,1,37f6c86af36fad4c3f0574222020ee24b81f0a264768f1374d1a1665ecd6300a
ESZ26/full/summary/-,row,measured,5,469,2.9068008000031114,2.8897063,821401552,274,0,17111923,17111923,1,2524acf5f7f08f7f2f1e8ddf7e8b0e28f30c7c5bc8a4d3573edcbbf04d8a790a
ESZ26/full/summary/-,column,measured,5,470,1.8326201000018045,1.8181383,410781160,274,0,17111923,17111923,1,2524acf5f7f08f7f2f1e8ddf7e8b0e28f30c7c5bc8a4d3573edcbbf04d8a790a
ESZ26/full/summary/-,pruned,measured,5,471,1.849555600027088,1.8321111,410781160,274,0,17111923,17111923,1,2524acf5f7f08f7f2f1e8ddf7e8b0e28f30c7c5bc8a4d3573edcbbf04d8a790a
ESZ26/full/summary/-,duckdb,measured,5,472,0.9205378000042401,0.6065099000115879,,,,,,1,2524acf5f7f08f7f2f1e8ddf7e8b0e28f30c7c5bc8a4d3573edcbbf04d8a790a
ESZ26/day/summary/-,row,measured,5,473,2.7117320999968797,2.696477,821401552,274,0,17111923,1663822,1,e9725edf2bc1c6ac9ee013143cc7e311ab751899a4c0b3eaf7ff543bf310ead3
ESZ26/day/summary/-,column,measured,5,474,1.4854457999463193,1.4703315,410781160,274,0,17111923,1663822,1,e9725edf2bc1c6ac9ee013143cc7e311ab751899a4c0b3eaf7ff543bf310ead3
ESZ26/day/summary/-,pruned,measured,5,475,0.1946176000055857,0.1780737,40026736,274,248,1663822,1663822,1,e9725edf2bc1c6ac9ee013143cc7e311ab751899a4c0b3eaf7ff543bf310ead3
ESZ26/day/summary/-,duckdb,measured,5,476,0.38125830003991723,0.062395800021477044,,,,,,1,e9725edf2bc1c6ac9ee013143cc7e311ab751899a4c0b3eaf7ff543bf310ead3
NQZ26/full/flow/-,column,measured,5,477,1.2367963999859057,1.2198408,307733800,131,0,7692171,7692171,1,b037820dc90976fe06076b38f39d18262b0b679a36fc8a1406a0ae06220ecada
NQZ26/full/flow/-,pruned,measured,5,478,1.2416221000021324,1.2216812,307733800,131,0,7692171,7692171,1,b037820dc90976fe06076b38f39d18262b0b679a36fc8a1406a0ae06220ecada
NQZ26/full/flow/-,duckdb,measured,5,479,0.7472802000120282,0.4459597999812104,,,,,,1,b037820dc90976fe06076b38f39d18262b0b679a36fc8a1406a0ae06220ecada
NQZ26/full/flow/-,row,measured,5,480,1.3747355000232346,1.3585432,369239728,131,0,7692171,7692171,1,b037820dc90976fe06076b38f39d18262b0b679a36fc8a1406a0ae06220ecada
NQZ26/ten_minutes/summary/-,column,measured,6,481,0.6330172999878414,0.6176525,184659064,131,0,7692171,19858,1,7cef7f69ace2a505ed309cc1c2b0370950aa5b9e9b9e6480447147eb773281bf
NQZ26/ten_minutes/summary/-,pruned,measured,6,482,0.030373700021300465,0.0143814,3192688,131,129,131072,19858,1,7cef7f69ace2a505ed309cc1c2b0370950aa5b9e9b9e6480447147eb773281bf
NQZ26/ten_minutes/summary/-,duckdb,measured,6,483,0.29987070005154237,0.005687700002454221,,,,,,1,7cef7f69ace2a505ed309cc1c2b0370950aa5b9e9b9e6480447147eb773281bf
NQZ26/ten_minutes/summary/-,row,measured,6,484,1.2242496999679133,1.2001593,369239728,131,0,7692171,19858,1,7cef7f69ace2a505ed309cc1c2b0370950aa5b9e9b9e6480447147eb773281bf
ESZ26/ten_minutes/flow/-,pruned,measured,6,485,0.03733029996510595,0.0226159,5337888,274,272,131072,46082,1,84e77dff30bb8e76dd3d676d39cc856a6eac548a672cfc4974b0f44cdc2a5500
ESZ26/ten_minutes/flow/-,duckdb,measured,6,486,0.3121724000084214,0.008460499986540526,,,,,,1,84e77dff30bb8e76dd3d676d39cc856a6eac548a672cfc4974b0f44cdc2a5500
ESZ26/ten_minutes/flow/-,row,measured,6,487,2.8627734999754466,2.8462484,821401552,274,0,17111923,46082,1,84e77dff30bb8e76dd3d676d39cc856a6eac548a672cfc4974b0f44cdc2a5500
ESZ26/ten_minutes/flow/-,column,measured,6,488,2.3559582000016235,2.3313183,684571928,274,0,17111923,46082,1,84e77dff30bb8e76dd3d676d39cc856a6eac548a672cfc4974b0f44cdc2a5500
NQZ26/day/bars/1m,duckdb,measured,6,489,0.4294277000008151,0.13275869999779388,,,,,,1380,023e6e13fd6a1c88b65842323f13059f5a74c0b4e72112582b8b7819f25a521a
NQZ26/day/bars/1m,row,measured,6,490,1.2712991999578662,1.2545458,369239728,131,0,7692171,731731,1380,023e6e13fd6a1c88b65842323f13059f5a74c0b4e72112582b8b7819f25a521a
NQZ26/day/bars/1m,column,measured,6,491,0.6705438999924809,0.6552514,184659064,131,0,7692171,731731,1380,023e6e13fd6a1c88b65842323f13059f5a74c0b4e72112582b8b7819f25a521a
NQZ26/day/bars/1m,pruned,measured,6,492,0.10925069998484105,0.0916504,17608504,131,119,731731,731731,1380,023e6e13fd6a1c88b65842323f13059f5a74c0b4e72112582b8b7819f25a521a
NQZ26/full/bars/1m,duckdb,measured,6,493,1.7853013999992982,1.4569625000003725,,,,,,23485,e742a99e661eb774aa343b8c1a3c1ae9e3e3e4ae83bd235c6f6d9c29c08fa56b
NQZ26/full/bars/1m,row,measured,6,494,1.5817535999813117,1.5569079,369239728,131,0,7692171,7692171,23485,e742a99e661eb774aa343b8c1a3c1ae9e3e3e4ae83bd235c6f6d9c29c08fa56b
NQZ26/full/bars/1m,column,measured,6,495,1.0718128999578767,1.0469931,184659064,131,0,7692171,7692171,23485,e742a99e661eb774aa343b8c1a3c1ae9e3e3e4ae83bd235c6f6d9c29c08fa56b
NQZ26/full/bars/1m,pruned,measured,6,496,1.0569162999745458,1.0329372,184659064,131,0,7692171,7692171,23485,e742a99e661eb774aa343b8c1a3c1ae9e3e3e4ae83bd235c6f6d9c29c08fa56b
ESZ26/day/bars/1m,duckdb,measured,6,497,0.5863178999861702,0.26560870005050674,,,,,,1380,ce4db5049a1ba454ae08fa7a9275da923c39998df446090f114d8fc48798818f
ESZ26/day/bars/1m,row,measured,6,498,2.7809959000442177,2.7601979,821401552,274,0,17111923,1663822,1380,ce4db5049a1ba454ae08fa7a9275da923c39998df446090f114d8fc48798818f
ESZ26/day/bars/1m,column,measured,6,499,1.4982853999827057,1.4823535,410781160,274,0,17111923,1663822,1380,ce4db5049a1ba454ae08fa7a9275da923c39998df446090f114d8fc48798818f
ESZ26/day/bars/1m,pruned,measured,6,500,0.20518769999034703,0.1876456,40026736,274,248,1663822,1663822,1380,ce4db5049a1ba454ae08fa7a9275da923c39998df446090f114d8fc48798818f
ESZ26/ten_minutes/bars/1m,duckdb,measured,6,501,0.3307181000127457,0.013388200022745878,,,,,,10,0d31b4d5491c1ebcb873e7b14fed1b423da80bea10b445108ccf13f74c51e396
ESZ26/ten_minutes/bars/1m,row,measured,6,502,2.699803600029554,2.684373,821401552,274,0,17111923,46082,10,0d31b4d5491c1ebcb873e7b14fed1b423da80bea10b445108ccf13f74c51e396
ESZ26/ten_minutes/bars/1m,column,measured,6,503,1.4713850999833085,1.4570734,410781160,274,0,17111923,46082,10,0d31b4d5491c1ebcb873e7b14fed1b423da80bea10b445108ccf13f74c51e396
ESZ26/ten_minutes/bars/1m,pruned,measured,6,504,0.03339569998206571,0.0156098,3240736,274,272,131072,46082,10,0d31b4d5491c1ebcb873e7b14fed1b423da80bea10b445108ccf13f74c51e396
NQZ26/full/flow/-,pruned,measured,6,505,1.2461210999754258,1.2291899,307733800,131,0,7692171,7692171,1,b037820dc90976fe06076b38f39d18262b0b679a36fc8a1406a0ae06220ecada
NQZ26/full/flow/-,duckdb,measured,6,506,0.7878960999660194,0.45845599996391684,,,,,,1,b037820dc90976fe06076b38f39d18262b0b679a36fc8a1406a0ae06220ecada
NQZ26/full/flow/-,row,measured,6,507,1.3755281000048853,1.358416,369239728,131,0,7692171,7692171,1,b037820dc90976fe06076b38f39d18262b0b679a36fc8a1406a0ae06220ecada
NQZ26/full/flow/-,column,measured,6,508,1.2586716000223532,1.2422675,307733800,131,0,7692171,7692171,1,b037820dc90976fe06076b38f39d18262b0b679a36fc8a1406a0ae06220ecada
ESZ26/day/bars/1h,row,measured,6,509,2.731600700004492,2.7088456,821401552,274,0,17111923,1663822,23,0ab687693333c92e3bbfd8cf494e853fa4c580ea11786eb71f762e3a5ac644bf
ESZ26/day/bars/1h,column,measured,6,510,1.4882178999832831,1.4727133,410781160,274,0,17111923,1663822,23,0ab687693333c92e3bbfd8cf494e853fa4c580ea11786eb71f762e3a5ac644bf
ESZ26/day/bars/1h,pruned,measured,6,511,0.20227629999862984,0.1754643,40026736,274,248,1663822,1663822,23,0ab687693333c92e3bbfd8cf494e853fa4c580ea11786eb71f762e3a5ac644bf
ESZ26/day/bars/1h,duckdb,measured,6,512,0.5432857999694534,0.23977359995478764,,,,,,23,0ab687693333c92e3bbfd8cf494e853fa4c580ea11786eb71f762e3a5ac644bf
ESZ26/full/summary/-,column,measured,6,513,1.8195925000472926,1.8045104,410781160,274,0,17111923,17111923,1,2524acf5f7f08f7f2f1e8ddf7e8b0e28f30c7c5bc8a4d3573edcbbf04d8a790a
ESZ26/full/summary/-,pruned,measured,6,514,1.8407176000182517,1.8251246,410781160,274,0,17111923,17111923,1,2524acf5f7f08f7f2f1e8ddf7e8b0e28f30c7c5bc8a4d3573edcbbf04d8a790a
ESZ26/full/summary/-,duckdb,measured,6,515,0.8791173999779858,0.5626118999789469,,,,,,1,2524acf5f7f08f7f2f1e8ddf7e8b0e28f30c7c5bc8a4d3573edcbbf04d8a790a
ESZ26/full/summary/-,row,measured,6,516,2.9186568999430165,2.8993989,821401552,274,0,17111923,17111923,1,2524acf5f7f08f7f2f1e8ddf7e8b0e28f30c7c5bc8a4d3573edcbbf04d8a790a
ESZ26/day/flow/-,pruned,measured,6,517,0.282552000018768,0.2670326,66647888,274,248,1663822,1663822,1,4834e7227f05193a4dd689b0c5c51563556c2178899e1bdb6b769856083e6b9c
ESZ26/day/flow/-,duckdb,measured,6,518,0.3923810999840498,0.09498219995293766,,,,,,1,4834e7227f05193a4dd689b0c5c51563556c2178899e1bdb6b769856083e6b9c
ESZ26/day/flow/-,row,measured,6,519,2.847362799977418,2.8317118,821401552,274,0,17111923,1663822,1,4834e7227f05193a4dd689b0c5c51563556c2178899e1bdb6b769856083e6b9c
ESZ26/day/flow/-,column,measured,6,520,2.359703599999193,2.3423908,684571928,274,0,17111923,1663822,1,4834e7227f05193a4dd689b0c5c51563556c2178899e1bdb6b769856083e6b9c
NQZ26/day/flow/-,pruned,measured,6,521,0.13627840002300218,0.1188951,29316200,131,119,731731,731731,1,37f6c86af36fad4c3f0574222020ee24b81f0a264768f1374d1a1665ecd6300a
NQZ26/day/flow/-,duckdb,measured,6,522,0.37300919997505844,0.05065019999165088,,,,,,1,37f6c86af36fad4c3f0574222020ee24b81f0a264768f1374d1a1665ecd6300a
NQZ26/day/flow/-,row,measured,6,523,1.2906567999743856,1.273839,369239728,131,0,7692171,731731,1,37f6c86af36fad4c3f0574222020ee24b81f0a264768f1374d1a1665ecd6300a
NQZ26/day/flow/-,column,measured,6,524,1.0856508000288159,1.0616178,307733800,131,0,7692171,731731,1,37f6c86af36fad4c3f0574222020ee24b81f0a264768f1374d1a1665ecd6300a
NQZ26/day/bars/1h,row,measured,6,525,1.2307980000041425,1.2147799,369239728,131,0,7692171,731731,23,bef7c843a3d380330103c9f62350d18fe0469ddfc3645ce06341634a9c32edf6
NQZ26/day/bars/1h,column,measured,6,526,0.6679855000111274,0.6406219,184659064,131,0,7692171,731731,23,bef7c843a3d380330103c9f62350d18fe0469ddfc3645ce06341634a9c32edf6
NQZ26/day/bars/1h,pruned,measured,6,527,0.09706600004574284,0.0795927,17608504,131,119,731731,731731,23,bef7c843a3d380330103c9f62350d18fe0469ddfc3645ce06341634a9c32edf6
NQZ26/day/bars/1h,duckdb,measured,6,528,0.4006974000367336,0.11232330003986135,,,,,,23,bef7c843a3d380330103c9f62350d18fe0469ddfc3645ce06341634a9c32edf6
ESZ26/day/summary/-,column,measured,6,529,1.487619299965445,1.469181,410781160,274,0,17111923,1663822,1,e9725edf2bc1c6ac9ee013143cc7e311ab751899a4c0b3eaf7ff543bf310ead3
ESZ26/day/summary/-,pruned,measured,6,530,0.1877231000107713,0.1715146,40026736,274,248,1663822,1663822,1,e9725edf2bc1c6ac9ee013143cc7e311ab751899a4c0b3eaf7ff543bf310ead3
ESZ26/day/summary/-,duckdb,measured,6,531,0.3522664000047371,0.06273190001957119,,,,,,1,e9725edf2bc1c6ac9ee013143cc7e311ab751899a4c0b3eaf7ff543bf310ead3
ESZ26/day/summary/-,row,measured,6,532,2.7108795000240207,2.6949333,821401552,274,0,17111923,1663822,1,e9725edf2bc1c6ac9ee013143cc7e311ab751899a4c0b3eaf7ff543bf310ead3
NQZ26/ten_minutes/bars/1h,row,measured,6,533,1.214590399991721,1.1976176,369239728,131,0,7692171,19858,1,df3b50da996c3b943508ed61cb0606942dbd801e1dde0b30aabf8116c8a054b0
NQZ26/ten_minutes/bars/1h,column,measured,6,534,0.6550220000208355,0.6302552,184659064,131,0,7692171,19858,1,df3b50da996c3b943508ed61cb0606942dbd801e1dde0b30aabf8116c8a054b0
NQZ26/ten_minutes/bars/1h,pruned,measured,6,535,0.029327399970497936,0.0148,3192688,131,129,131072,19858,1,df3b50da996c3b943508ed61cb0606942dbd801e1dde0b30aabf8116c8a054b0
NQZ26/ten_minutes/bars/1h,duckdb,measured,6,536,0.333128200029023,0.012053499987814575,,,,,,1,df3b50da996c3b943508ed61cb0606942dbd801e1dde0b30aabf8116c8a054b0
ESZ26/ten_minutes/bars/1h,row,measured,6,537,2.687011000001803,2.669923,821401552,274,0,17111923,46082,1,e550b8ad4bf725f9fb18594215253c2181a957e63a7c89fcf1667216e0a4a966
ESZ26/ten_minutes/bars/1h,column,measured,6,538,1.4573947999742813,1.4429467,410781160,274,0,17111923,46082,1,e550b8ad4bf725f9fb18594215253c2181a957e63a7c89fcf1667216e0a4a966
ESZ26/ten_minutes/bars/1h,pruned,measured,6,539,0.03241559996968135,0.0155635,3240736,274,272,131072,46082,1,e550b8ad4bf725f9fb18594215253c2181a957e63a7c89fcf1667216e0a4a966
ESZ26/ten_minutes/bars/1h,duckdb,measured,6,540,0.31980510003631935,0.0130442000227049,,,,,,1,e550b8ad4bf725f9fb18594215253c2181a957e63a7c89fcf1667216e0a4a966
NQZ26/ten_minutes/flow/-,pruned,measured,6,541,0.045478499960154295,0.0222789,5289840,131,129,131072,19858,1,80351e3dafe91d9377541e85042a0b293217c285b1e39b212cac5ef9074d48c3
NQZ26/ten_minutes/flow/-,duckdb,measured,6,542,0.3102890999871306,0.007429099990986288,,,,,,1,80351e3dafe91d9377541e85042a0b293217c285b1e39b212cac5ef9074d48c3
NQZ26/ten_minutes/flow/-,row,measured,6,543,1.2798555999761447,1.2640984,369239728,131,0,7692171,19858,1,80351e3dafe91d9377541e85042a0b293217c285b1e39b212cac5ef9074d48c3
NQZ26/ten_minutes/flow/-,column,measured,6,544,1.058400799985975,1.040808,307733800,131,0,7692171,19858,1,80351e3dafe91d9377541e85042a0b293217c285b1e39b212cac5ef9074d48c3
NQZ26/day/summary/-,column,measured,6,545,0.6575038000009954,0.6321178,184659064,131,0,7692171,731731,1,e6e3c25e92c70989561a89c23c85331f7a8788687143c40a1431043f241ffc2c
NQZ26/day/summary/-,pruned,measured,6,546,0.09302089997800067,0.0784083,17608504,131,119,731731,731731,1,e6e3c25e92c70989561a89c23c85331f7a8788687143c40a1431043f241ffc2c
NQZ26/day/summary/-,duckdb,measured,6,547,0.33041950000915676,0.029447500011883676,,,,,,1,e6e3c25e92c70989561a89c23c85331f7a8788687143c40a1431043f241ffc2c
NQZ26/day/summary/-,row,measured,6,548,1.2693898000288755,1.251573,369239728,131,0,7692171,731731,1,e6e3c25e92c70989561a89c23c85331f7a8788687143c40a1431043f241ffc2c
NQZ26/full/summary/-,column,measured,6,549,0.8411645000451244,0.8251835,184659064,131,0,7692171,7692171,1,912e9eb917468d16f6aaeed1f836a1d45489ec5c4174ce4c3659da659a7089ac
NQZ26/full/summary/-,pruned,measured,6,550,0.8032866999856196,0.7881788,184659064,131,0,7692171,7692171,1,912e9eb917468d16f6aaeed1f836a1d45489ec5c4174ce4c3659da659a7089ac
NQZ26/full/summary/-,duckdb,measured,6,551,0.5848228000104427,0.27485609997529536,,,,,,1,912e9eb917468d16f6aaeed1f836a1d45489ec5c4174ce4c3659da659a7089ac
NQZ26/full/summary/-,row,measured,6,552,1.3231169000500813,1.306559,369239728,131,0,7692171,7692171,1,912e9eb917468d16f6aaeed1f836a1d45489ec5c4174ce4c3659da659a7089ac
ESZ26/full/bars/1h,row,measured,6,553,2.9530427000136115,2.9374958,821401552,274,0,17111923,17111923,405,833f885466de93a08991d071a5319342002971ddd06eafd63d7b3dd9c3b8d35f
ESZ26/full/bars/1h,column,measured,6,554,1.8561471999855712,1.8415125,410781160,274,0,17111923,17111923,405,833f885466de93a08991d071a5319342002971ddd06eafd63d7b3dd9c3b8d35f
ESZ26/full/bars/1h,pruned,measured,6,555,1.842580900003668,1.8272375,410781160,274,0,17111923,17111923,405,833f885466de93a08991d071a5319342002971ddd06eafd63d7b3dd9c3b8d35f
ESZ26/full/bars/1h,duckdb,measured,6,556,2.704356500005815,2.3757748000207357,,,,,,405,833f885466de93a08991d071a5319342002971ddd06eafd63d7b3dd9c3b8d35f
NQZ26/full/bars/1h,row,measured,6,557,1.340215399977751,1.3242719,369239728,131,0,7692171,7692171,405,bc166fd7b12108cc0740baf8431876e7ee76556167cc3097b9de59c5ceda5682
NQZ26/full/bars/1h,column,measured,6,558,0.8259124999749474,0.8099402,184659064,131,0,7692171,7692171,405,bc166fd7b12108cc0740baf8431876e7ee76556167cc3097b9de59c5ceda5682
NQZ26/full/bars/1h,pruned,measured,6,559,0.8126230000052601,0.7942549,184659064,131,0,7692171,7692171,405,bc166fd7b12108cc0740baf8431876e7ee76556167cc3097b9de59c5ceda5682
NQZ26/full/bars/1h,duckdb,measured,6,560,1.392416900023818,1.0842169999959879,,,,,,405,bc166fd7b12108cc0740baf8431876e7ee76556167cc3097b9de59c5ceda5682
ESZ26/full/flow/-,pruned,measured,6,561,2.716101099969819,2.6972729,684571928,274,0,17111923,17111923,1,508854b9eeec3a12c14f674f7e1b69322f29cb088cd0c8cdbe5bdf83c0f51578
ESZ26/full/flow/-,duckdb,measured,6,562,1.250813599966932,0.9434618999948725,,,,,,1,508854b9eeec3a12c14f674f7e1b69322f29cb088cd0c8cdbe5bdf83c0f51578
ESZ26/full/flow/-,row,measured,6,563,3.0289657000103034,3.0129434,821401552,274,0,17111923,17111923,1,508854b9eeec3a12c14f674f7e1b69322f29cb088cd0c8cdbe5bdf83c0f51578
ESZ26/full/flow/-,column,measured,6,564,2.736155199992936,2.7177836,684571928,274,0,17111923,17111923,1,508854b9eeec3a12c14f674f7e1b69322f29cb088cd0c8cdbe5bdf83c0f51578
NQZ26/ten_minutes/bars/1m,duckdb,measured,6,565,0.3183361000264995,0.009756800020113587,,,,,,10,4b3e9bee9636be070134df558c9fc8683df10cb12d161c994e4a87074be2df9e
NQZ26/ten_minutes/bars/1m,row,measured,6,566,1.230395300022792,1.2159141,369239728,131,0,7692171,19858,10,4b3e9bee9636be070134df558c9fc8683df10cb12d161c994e4a87074be2df9e
NQZ26/ten_minutes/bars/1m,column,measured,6,567,0.677889899990987,0.6621852,184659064,131,0,7692171,19858,10,4b3e9bee9636be070134df558c9fc8683df10cb12d161c994e4a87074be2df9e
NQZ26/ten_minutes/bars/1m,pruned,measured,6,568,0.03019510000012815,0.0149927,3192688,131,129,131072,19858,10,4b3e9bee9636be070134df558c9fc8683df10cb12d161c994e4a87074be2df9e
ESZ26/full/bars/1m,duckdb,measured,6,569,3.1375599000020884,2.8209379000472836,,,,,,24104,4386409cb5a66110db1754b70f3517e9d1e5d70a9738216f664f3f4099650f38
ESZ26/full/bars/1m,row,measured,6,570,3.238736300030723,3.2149708,821401552,274,0,17111923,17111923,24104,4386409cb5a66110db1754b70f3517e9d1e5d70a9738216f664f3f4099650f38
ESZ26/full/bars/1m,column,measured,6,571,2.2031412000069395,2.1805093,410781160,274,0,17111923,17111923,24104,4386409cb5a66110db1754b70f3517e9d1e5d70a9738216f664f3f4099650f38
ESZ26/full/bars/1m,pruned,measured,6,572,2.144835199986119,2.1235066,410781160,274,0,17111923,17111923,24104,4386409cb5a66110db1754b70f3517e9d1e5d70a9738216f664f3f4099650f38
ESZ26/ten_minutes/summary/-,column,measured,6,573,1.4576510000042617,1.4285795,410781160,274,0,17111923,46082,1,4925db5150b95a1652baa9a9e047c75833143a1acd114117eebabcbeb9efb97a
ESZ26/ten_minutes/summary/-,pruned,measured,6,574,0.03346929996041581,0.0156926,3240736,274,272,131072,46082,1,4925db5150b95a1652baa9a9e047c75833143a1acd114117eebabcbeb9efb97a
ESZ26/ten_minutes/summary/-,duckdb,measured,6,575,0.3201837000087835,0.006507999962195754,,,,,,1,4925db5150b95a1652baa9a9e047c75833143a1acd114117eebabcbeb9efb97a
ESZ26/ten_minutes/summary/-,row,measured,6,576,2.699040599982254,2.677379,821401552,274,0,17111923,46082,1,4925db5150b95a1652baa9a9e047c75833143a1acd114117eebabcbeb9efb97a
ESZ26/day/flow/-,duckdb,measured,7,577,0.40173919999506325,0.0984976000036113,,,,,,1,4834e7227f05193a4dd689b0c5c51563556c2178899e1bdb6b769856083e6b9c
ESZ26/day/flow/-,row,measured,7,578,2.9365746999974363,2.9229787,821401552,274,0,17111923,1663822,1,4834e7227f05193a4dd689b0c5c51563556c2178899e1bdb6b769856083e6b9c
ESZ26/day/flow/-,column,measured,7,579,2.36914640001487,2.3531718,684571928,274,0,17111923,1663822,1,4834e7227f05193a4dd689b0c5c51563556c2178899e1bdb6b769856083e6b9c
ESZ26/day/flow/-,pruned,measured,7,580,0.30392670002765954,0.2782056,66647888,274,248,1663822,1663822,1,4834e7227f05193a4dd689b0c5c51563556c2178899e1bdb6b769856083e6b9c
NQZ26/ten_minutes/summary/-,pruned,measured,7,581,0.03207630000542849,0.0145998,3192688,131,129,131072,19858,1,7cef7f69ace2a505ed309cc1c2b0370950aa5b9e9b9e6480447147eb773281bf
NQZ26/ten_minutes/summary/-,duckdb,measured,7,582,0.31773700000485405,0.005447100033052266,,,,,,1,7cef7f69ace2a505ed309cc1c2b0370950aa5b9e9b9e6480447147eb773281bf
NQZ26/ten_minutes/summary/-,row,measured,7,583,1.2265991000458598,1.2083858,369239728,131,0,7692171,19858,1,7cef7f69ace2a505ed309cc1c2b0370950aa5b9e9b9e6480447147eb773281bf
NQZ26/ten_minutes/summary/-,column,measured,7,584,0.6386356999864802,0.6235844,184659064,131,0,7692171,19858,1,7cef7f69ace2a505ed309cc1c2b0370950aa5b9e9b9e6480447147eb773281bf
ESZ26/full/bars/1m,row,measured,7,585,3.2643350000143982,3.2437343,821401552,274,0,17111923,17111923,24104,4386409cb5a66110db1754b70f3517e9d1e5d70a9738216f664f3f4099650f38
ESZ26/full/bars/1m,column,measured,7,586,2.0699706000159495,2.0494987,410781160,274,0,17111923,17111923,24104,4386409cb5a66110db1754b70f3517e9d1e5d70a9738216f664f3f4099650f38
ESZ26/full/bars/1m,pruned,measured,7,587,2.0925773000344634,2.0697725,410781160,274,0,17111923,17111923,24104,4386409cb5a66110db1754b70f3517e9d1e5d70a9738216f664f3f4099650f38
ESZ26/full/bars/1m,duckdb,measured,7,588,3.1273108000168577,2.8070393999805674,,,,,,24104,4386409cb5a66110db1754b70f3517e9d1e5d70a9738216f664f3f4099650f38
ESZ26/day/bars/1h,column,measured,7,589,1.5598336000111885,1.5368484,410781160,274,0,17111923,1663822,23,0ab687693333c92e3bbfd8cf494e853fa4c580ea11786eb71f762e3a5ac644bf
ESZ26/day/bars/1h,pruned,measured,7,590,0.2112788999802433,0.1953645,40026736,274,248,1663822,1663822,23,0ab687693333c92e3bbfd8cf494e853fa4c580ea11786eb71f762e3a5ac644bf
ESZ26/day/bars/1h,duckdb,measured,7,591,0.5514786000130698,0.2432893999502994,,,,,,23,0ab687693333c92e3bbfd8cf494e853fa4c580ea11786eb71f762e3a5ac644bf
ESZ26/day/bars/1h,row,measured,7,592,2.7288887999602593,2.7142876,821401552,274,0,17111923,1663822,23,0ab687693333c92e3bbfd8cf494e853fa4c580ea11786eb71f762e3a5ac644bf
ESZ26/ten_minutes/bars/1h,column,measured,7,593,1.4617844000458717,1.4459796,410781160,274,0,17111923,46082,1,e550b8ad4bf725f9fb18594215253c2181a957e63a7c89fcf1667216e0a4a966
ESZ26/ten_minutes/bars/1h,pruned,measured,7,594,0.030458199966233224,0.0158732,3240736,274,272,131072,46082,1,e550b8ad4bf725f9fb18594215253c2181a957e63a7c89fcf1667216e0a4a966
ESZ26/ten_minutes/bars/1h,duckdb,measured,7,595,0.32400100002996624,0.013072400004602969,,,,,,1,e550b8ad4bf725f9fb18594215253c2181a957e63a7c89fcf1667216e0a4a966
ESZ26/ten_minutes/bars/1h,row,measured,7,596,2.6995174999465235,2.6847246,821401552,274,0,17111923,46082,1,e550b8ad4bf725f9fb18594215253c2181a957e63a7c89fcf1667216e0a4a966
NQZ26/day/summary/-,pruned,measured,7,597,0.0939739000168629,0.0801386,17608504,131,119,731731,731731,1,e6e3c25e92c70989561a89c23c85331f7a8788687143c40a1431043f241ffc2c
NQZ26/day/summary/-,duckdb,measured,7,598,0.33438850002130494,0.031367799965664744,,,,,,1,e6e3c25e92c70989561a89c23c85331f7a8788687143c40a1431043f241ffc2c
NQZ26/day/summary/-,row,measured,7,599,1.2313763999845833,1.2161825,369239728,131,0,7692171,731731,1,e6e3c25e92c70989561a89c23c85331f7a8788687143c40a1431043f241ffc2c
NQZ26/day/summary/-,column,measured,7,600,0.6557498999754898,0.6401456,184659064,131,0,7692171,731731,1,e6e3c25e92c70989561a89c23c85331f7a8788687143c40a1431043f241ffc2c
NQZ26/full/summary/-,pruned,measured,7,601,0.8175403000204824,0.7945388,184659064,131,0,7692171,7692171,1,912e9eb917468d16f6aaeed1f836a1d45489ec5c4174ce4c3659da659a7089ac
NQZ26/full/summary/-,duckdb,measured,7,602,0.5788196999928914,0.2718401000020094,,,,,,1,912e9eb917468d16f6aaeed1f836a1d45489ec5c4174ce4c3659da659a7089ac
NQZ26/full/summary/-,row,measured,7,603,1.3267774999840185,1.3091267,369239728,131,0,7692171,7692171,1,912e9eb917468d16f6aaeed1f836a1d45489ec5c4174ce4c3659da659a7089ac
NQZ26/full/summary/-,column,measured,7,604,0.81967870000517,0.8042281,184659064,131,0,7692171,7692171,1,912e9eb917468d16f6aaeed1f836a1d45489ec5c4174ce4c3659da659a7089ac
ESZ26/full/bars/1h,column,measured,7,605,1.8528580999700353,1.8369245,410781160,274,0,17111923,17111923,405,833f885466de93a08991d071a5319342002971ddd06eafd63d7b3dd9c3b8d35f
ESZ26/full/bars/1h,pruned,measured,7,606,1.8710036999545991,1.8551276,410781160,274,0,17111923,17111923,405,833f885466de93a08991d071a5319342002971ddd06eafd63d7b3dd9c3b8d35f
ESZ26/full/bars/1h,duckdb,measured,7,607,2.7111556000309065,2.393739800027106,,,,,,405,833f885466de93a08991d071a5319342002971ddd06eafd63d7b3dd9c3b8d35f
ESZ26/full/bars/1h,row,measured,7,608,2.965018000046257,2.9499798,821401552,274,0,17111923,17111923,405,833f885466de93a08991d071a5319342002971ddd06eafd63d7b3dd9c3b8d35f
NQZ26/ten_minutes/bars/1m,row,measured,7,609,1.2172242000233382,1.2014396,369239728,131,0,7692171,19858,10,4b3e9bee9636be070134df558c9fc8683df10cb12d161c994e4a87074be2df9e
NQZ26/ten_minutes/bars/1m,column,measured,7,610,0.6350913000060245,0.620776,184659064,131,0,7692171,19858,10,4b3e9bee9636be070134df558c9fc8683df10cb12d161c994e4a87074be2df9e
NQZ26/ten_minutes/bars/1m,pruned,measured,7,611,0.03183870000066236,0.0148466,3192688,131,129,131072,19858,10,4b3e9bee9636be070134df558c9fc8683df10cb12d161c994e4a87074be2df9e
NQZ26/ten_minutes/bars/1m,duckdb,measured,7,612,0.31454089999897406,0.00992079998832196,,,,,,10,4b3e9bee9636be070134df558c9fc8683df10cb12d161c994e4a87074be2df9e
ESZ26/day/summary/-,pruned,measured,7,613,0.19177639996632934,0.173099,40026736,274,248,1663822,1663822,1,e9725edf2bc1c6ac9ee013143cc7e311ab751899a4c0b3eaf7ff543bf310ead3
ESZ26/day/summary/-,duckdb,measured,7,614,0.3657596000120975,0.06168390001403168,,,,,,1,e9725edf2bc1c6ac9ee013143cc7e311ab751899a4c0b3eaf7ff543bf310ead3
ESZ26/day/summary/-,row,measured,7,615,2.71763769997051,2.6998254,821401552,274,0,17111923,1663822,1,e9725edf2bc1c6ac9ee013143cc7e311ab751899a4c0b3eaf7ff543bf310ead3
ESZ26/day/summary/-,column,measured,7,616,1.4786366000189446,1.4627762,410781160,274,0,17111923,1663822,1,e9725edf2bc1c6ac9ee013143cc7e311ab751899a4c0b3eaf7ff543bf310ead3
NQZ26/full/bars/1m,row,measured,7,617,1.5664017999661155,1.5447073,369239728,131,0,7692171,7692171,23485,e742a99e661eb774aa343b8c1a3c1ae9e3e3e4ae83bd235c6f6d9c29c08fa56b
NQZ26/full/bars/1m,column,measured,7,618,1.0420941000338644,1.0195638,184659064,131,0,7692171,7692171,23485,e742a99e661eb774aa343b8c1a3c1ae9e3e3e4ae83bd235c6f6d9c29c08fa56b
NQZ26/full/bars/1m,pruned,measured,7,619,1.0489772000000812,1.0174823,184659064,131,0,7692171,7692171,23485,e742a99e661eb774aa343b8c1a3c1ae9e3e3e4ae83bd235c6f6d9c29c08fa56b
NQZ26/full/bars/1m,duckdb,measured,7,620,1.777872899954673,1.4564894000068307,,,,,,23485,e742a99e661eb774aa343b8c1a3c1ae9e3e3e4ae83bd235c6f6d9c29c08fa56b
NQZ26/day/flow/-,duckdb,measured,7,621,0.3733121000113897,0.06363510002847761,,,,,,1,37f6c86af36fad4c3f0574222020ee24b81f0a264768f1374d1a1665ecd6300a
NQZ26/day/flow/-,row,measured,7,622,1.2930883000371978,1.2762053,369239728,131,0,7692171,731731,1,37f6c86af36fad4c3f0574222020ee24b81f0a264768f1374d1a1665ecd6300a
NQZ26/day/flow/-,column,measured,7,623,1.1257006999803707,1.1112385,307733800,131,0,7692171,731731,1,37f6c86af36fad4c3f0574222020ee24b81f0a264768f1374d1a1665ecd6300a
NQZ26/day/flow/-,pruned,measured,7,624,0.13821040000766516,0.1206074,29316200,131,119,731731,731731,1,37f6c86af36fad4c3f0574222020ee24b81f0a264768f1374d1a1665ecd6300a
ESZ26/ten_minutes/flow/-,duckdb,measured,7,625,0.3145671000238508,0.008437299984507263,,,,,,1,84e77dff30bb8e76dd3d676d39cc856a6eac548a672cfc4974b0f44cdc2a5500
ESZ26/ten_minutes/flow/-,row,measured,7,626,2.8426534999744035,2.8171051,821401552,274,0,17111923,46082,1,84e77dff30bb8e76dd3d676d39cc856a6eac548a672cfc4974b0f44cdc2a5500
ESZ26/ten_minutes/flow/-,column,measured,7,627,2.3316262000007555,2.3143751,684571928,274,0,17111923,46082,1,84e77dff30bb8e76dd3d676d39cc856a6eac548a672cfc4974b0f44cdc2a5500
ESZ26/ten_minutes/flow/-,pruned,measured,7,628,0.03944380005123094,0.0224535,5337888,274,272,131072,46082,1,84e77dff30bb8e76dd3d676d39cc856a6eac548a672cfc4974b0f44cdc2a5500
ESZ26/full/flow/-,duckdb,measured,7,629,1.2127754000248387,0.9140761999879032,,,,,,1,508854b9eeec3a12c14f674f7e1b69322f29cb088cd0c8cdbe5bdf83c0f51578
ESZ26/full/flow/-,row,measured,7,630,3.028086500009522,3.0011427,821401552,274,0,17111923,17111923,1,508854b9eeec3a12c14f674f7e1b69322f29cb088cd0c8cdbe5bdf83c0f51578
ESZ26/full/flow/-,column,measured,7,631,2.7401851000031456,2.7118389,684571928,274,0,17111923,17111923,1,508854b9eeec3a12c14f674f7e1b69322f29cb088cd0c8cdbe5bdf83c0f51578
ESZ26/full/flow/-,pruned,measured,7,632,2.733795000007376,2.7098083,684571928,274,0,17111923,17111923,1,508854b9eeec3a12c14f674f7e1b69322f29cb088cd0c8cdbe5bdf83c0f51578
NQZ26/full/flow/-,duckdb,measured,7,633,0.791598400042858,0.47959940001601353,,,,,,1,b037820dc90976fe06076b38f39d18262b0b679a36fc8a1406a0ae06220ecada
NQZ26/full/flow/-,row,measured,7,634,1.3773757999879308,1.3592022,369239728,131,0,7692171,7692171,1,b037820dc90976fe06076b38f39d18262b0b679a36fc8a1406a0ae06220ecada
NQZ26/full/flow/-,column,measured,7,635,1.2383297000196762,1.2233644,307733800,131,0,7692171,7692171,1,b037820dc90976fe06076b38f39d18262b0b679a36fc8a1406a0ae06220ecada
NQZ26/full/flow/-,pruned,measured,7,636,1.2563719000318088,1.2297922,307733800,131,0,7692171,7692171,1,b037820dc90976fe06076b38f39d18262b0b679a36fc8a1406a0ae06220ecada
NQZ26/full/bars/1h,column,measured,7,637,0.8444281000411138,0.8279247,184659064,131,0,7692171,7692171,405,bc166fd7b12108cc0740baf8431876e7ee76556167cc3097b9de59c5ceda5682
NQZ26/full/bars/1h,pruned,measured,7,638,0.886028399982024,0.8617785,184659064,131,0,7692171,7692171,405,bc166fd7b12108cc0740baf8431876e7ee76556167cc3097b9de59c5ceda5682
NQZ26/full/bars/1h,duckdb,measured,7,639,1.453397799981758,1.1222345000132918,,,,,,405,bc166fd7b12108cc0740baf8431876e7ee76556167cc3097b9de59c5ceda5682
NQZ26/full/bars/1h,row,measured,7,640,1.3613689000485465,1.3442317,369239728,131,0,7692171,7692171,405,bc166fd7b12108cc0740baf8431876e7ee76556167cc3097b9de59c5ceda5682
ESZ26/ten_minutes/summary/-,pruned,measured,7,641,0.039603899989742786,0.0156894,3240736,274,272,131072,46082,1,4925db5150b95a1652baa9a9e047c75833143a1acd114117eebabcbeb9efb97a
ESZ26/ten_minutes/summary/-,duckdb,measured,7,642,0.3085727000143379,0.006651200004853308,,,,,,1,4925db5150b95a1652baa9a9e047c75833143a1acd114117eebabcbeb9efb97a
ESZ26/ten_minutes/summary/-,row,measured,7,643,2.7064145000185817,2.6900997,821401552,274,0,17111923,46082,1,4925db5150b95a1652baa9a9e047c75833143a1acd114117eebabcbeb9efb97a
ESZ26/ten_minutes/summary/-,column,measured,7,644,1.4494238999905065,1.4246056,410781160,274,0,17111923,46082,1,4925db5150b95a1652baa9a9e047c75833143a1acd114117eebabcbeb9efb97a
ESZ26/ten_minutes/bars/1m,row,measured,7,645,2.69901319994824,2.6845681,821401552,274,0,17111923,46082,10,0d31b4d5491c1ebcb873e7b14fed1b423da80bea10b445108ccf13f74c51e396
ESZ26/ten_minutes/bars/1m,column,measured,7,646,1.4722168000298552,1.4554511,410781160,274,0,17111923,46082,10,0d31b4d5491c1ebcb873e7b14fed1b423da80bea10b445108ccf13f74c51e396
ESZ26/ten_minutes/bars/1m,pruned,measured,7,647,0.030833099968731403,0.016515,3240736,274,272,131072,46082,10,0d31b4d5491c1ebcb873e7b14fed1b423da80bea10b445108ccf13f74c51e396
ESZ26/ten_minutes/bars/1m,duckdb,measured,7,648,0.35250430001178756,0.013776200008578598,,,,,,10,0d31b4d5491c1ebcb873e7b14fed1b423da80bea10b445108ccf13f74c51e396
NQZ26/day/bars/1h,column,measured,7,649,0.6539964000112377,0.6395505,184659064,131,0,7692171,731731,23,bef7c843a3d380330103c9f62350d18fe0469ddfc3645ce06341634a9c32edf6
NQZ26/day/bars/1h,pruned,measured,7,650,0.09598049998749048,0.0806198,17608504,131,119,731731,731731,23,bef7c843a3d380330103c9f62350d18fe0469ddfc3645ce06341634a9c32edf6
NQZ26/day/bars/1h,duckdb,measured,7,651,0.4104430000297725,0.11103989998809993,,,,,,23,bef7c843a3d380330103c9f62350d18fe0469ddfc3645ce06341634a9c32edf6
NQZ26/day/bars/1h,row,measured,7,652,1.2329229000024498,1.2165149,369239728,131,0,7692171,731731,23,bef7c843a3d380330103c9f62350d18fe0469ddfc3645ce06341634a9c32edf6
NQZ26/ten_minutes/flow/-,duckdb,measured,7,653,0.31678230001125485,0.007416400010697544,,,,,,1,80351e3dafe91d9377541e85042a0b293217c285b1e39b212cac5ef9074d48c3
NQZ26/ten_minutes/flow/-,row,measured,7,654,1.3003156000049785,1.2806574,369239728,131,0,7692171,19858,1,80351e3dafe91d9377541e85042a0b293217c285b1e39b212cac5ef9074d48c3
NQZ26/ten_minutes/flow/-,column,measured,7,655,1.081613800022751,1.0640865,307733800,131,0,7692171,19858,1,80351e3dafe91d9377541e85042a0b293217c285b1e39b212cac5ef9074d48c3
NQZ26/ten_minutes/flow/-,pruned,measured,7,656,0.03781309997430071,0.0215696,5289840,131,129,131072,19858,1,80351e3dafe91d9377541e85042a0b293217c285b1e39b212cac5ef9074d48c3
NQZ26/ten_minutes/bars/1h,column,measured,7,657,0.6381796000059694,0.6216355,184659064,131,0,7692171,19858,1,df3b50da996c3b943508ed61cb0606942dbd801e1dde0b30aabf8116c8a054b0
NQZ26/ten_minutes/bars/1h,pruned,measured,7,658,0.032892199989873916,0.0159225,3192688,131,129,131072,19858,1,df3b50da996c3b943508ed61cb0606942dbd801e1dde0b30aabf8116c8a054b0
NQZ26/ten_minutes/bars/1h,duckdb,measured,7,659,0.3128166000242345,0.009895200026221573,,,,,,1,df3b50da996c3b943508ed61cb0606942dbd801e1dde0b30aabf8116c8a054b0
NQZ26/ten_minutes/bars/1h,row,measured,7,660,1.2673797000315972,1.2431207,369239728,131,0,7692171,19858,1,df3b50da996c3b943508ed61cb0606942dbd801e1dde0b30aabf8116c8a054b0
ESZ26/day/bars/1m,row,measured,7,661,2.727574199961964,2.7133232,821401552,274,0,17111923,1663822,1380,ce4db5049a1ba454ae08fa7a9275da923c39998df446090f114d8fc48798818f
ESZ26/day/bars/1m,column,measured,7,662,1.4996934999944642,1.483737,410781160,274,0,17111923,1663822,1380,ce4db5049a1ba454ae08fa7a9275da923c39998df446090f114d8fc48798818f
ESZ26/day/bars/1m,pruned,measured,7,663,0.20544150000205263,0.1903504,40026736,274,248,1663822,1663822,1380,ce4db5049a1ba454ae08fa7a9275da923c39998df446090f114d8fc48798818f
ESZ26/day/bars/1m,duckdb,measured,7,664,0.5684340000152588,0.25803830003133044,,,,,,1380,ce4db5049a1ba454ae08fa7a9275da923c39998df446090f114d8fc48798818f
NQZ26/day/bars/1m,row,measured,7,665,1.2506682999664918,1.2251118,369239728,131,0,7692171,731731,1380,023e6e13fd6a1c88b65842323f13059f5a74c0b4e72112582b8b7819f25a521a
NQZ26/day/bars/1m,column,measured,7,666,0.6683083000243641,0.653333,184659064,131,0,7692171,731731,1380,023e6e13fd6a1c88b65842323f13059f5a74c0b4e72112582b8b7819f25a521a
NQZ26/day/bars/1m,pruned,measured,7,667,0.10892110003624111,0.0921745,17608504,131,119,731731,731731,1380,023e6e13fd6a1c88b65842323f13059f5a74c0b4e72112582b8b7819f25a521a
NQZ26/day/bars/1m,duckdb,measured,7,668,0.44650790002197027,0.13079349999316037,,,,,,1380,023e6e13fd6a1c88b65842323f13059f5a74c0b4e72112582b8b7819f25a521a
ESZ26/full/summary/-,pruned,measured,7,669,1.8354706999962218,1.8203959,410781160,274,0,17111923,17111923,1,2524acf5f7f08f7f2f1e8ddf7e8b0e28f30c7c5bc8a4d3573edcbbf04d8a790a
ESZ26/full/summary/-,duckdb,measured,7,670,0.8826441999990493,0.5680596000165679,,,,,,1,2524acf5f7f08f7f2f1e8ddf7e8b0e28f30c7c5bc8a4d3573edcbbf04d8a790a
ESZ26/full/summary/-,row,measured,7,671,2.9502977000083774,2.9348012,821401552,274,0,17111923,17111923,1,2524acf5f7f08f7f2f1e8ddf7e8b0e28f30c7c5bc8a4d3573edcbbf04d8a790a
ESZ26/full/summary/-,column,measured,7,672,1.8393152999924496,1.8241437,410781160,274,0,17111923,17111923,1,2524acf5f7f08f7f2f1e8ddf7e8b0e28f30c7c5bc8a4d3573edcbbf04d8a790a
NQZ26/ten_minutes/flow/-,row,measured,8,673,1.288567100011278,1.2724804,369239728,131,0,7692171,19858,1,80351e3dafe91d9377541e85042a0b293217c285b1e39b212cac5ef9074d48c3
NQZ26/ten_minutes/flow/-,column,measured,8,674,1.0665151000139304,1.0416521,307733800,131,0,7692171,19858,1,80351e3dafe91d9377541e85042a0b293217c285b1e39b212cac5ef9074d48c3
NQZ26/ten_minutes/flow/-,pruned,measured,8,675,0.03744580002967268,0.0218938,5289840,131,129,131072,19858,1,80351e3dafe91d9377541e85042a0b293217c285b1e39b212cac5ef9074d48c3
NQZ26/ten_minutes/flow/-,duckdb,measured,8,676,0.3200846999534406,0.006895099999383092,,,,,,1,80351e3dafe91d9377541e85042a0b293217c285b1e39b212cac5ef9074d48c3
ESZ26/full/bars/1h,pruned,measured,8,677,1.8700654999702238,1.8469689,410781160,274,0,17111923,17111923,405,833f885466de93a08991d071a5319342002971ddd06eafd63d7b3dd9c3b8d35f
ESZ26/full/bars/1h,duckdb,measured,8,678,2.673141100036446,2.352788900025189,,,,,,405,833f885466de93a08991d071a5319342002971ddd06eafd63d7b3dd9c3b8d35f
ESZ26/full/bars/1h,row,measured,8,679,2.9641802000114694,2.9391798,821401552,274,0,17111923,17111923,405,833f885466de93a08991d071a5319342002971ddd06eafd63d7b3dd9c3b8d35f
ESZ26/full/bars/1h,column,measured,8,680,1.8716833000071347,1.857135,410781160,274,0,17111923,17111923,405,833f885466de93a08991d071a5319342002971ddd06eafd63d7b3dd9c3b8d35f
ESZ26/full/flow/-,row,measured,8,681,3.018104000017047,3.0006912,821401552,274,0,17111923,17111923,1,508854b9eeec3a12c14f674f7e1b69322f29cb088cd0c8cdbe5bdf83c0f51578
ESZ26/full/flow/-,column,measured,8,682,2.7328992999973707,2.7082404,684571928,274,0,17111923,17111923,1,508854b9eeec3a12c14f674f7e1b69322f29cb088cd0c8cdbe5bdf83c0f51578
ESZ26/full/flow/-,pruned,measured,8,683,2.7788928999798372,2.763048,684571928,274,0,17111923,17111923,1,508854b9eeec3a12c14f674f7e1b69322f29cb088cd0c8cdbe5bdf83c0f51578
ESZ26/full/flow/-,duckdb,measured,8,684,1.2850103999953717,0.9534988999948837,,,,,,1,508854b9eeec3a12c14f674f7e1b69322f29cb088cd0c8cdbe5bdf83c0f51578
NQZ26/day/flow/-,row,measured,8,685,1.339857499988284,1.3203802,369239728,131,0,7692171,731731,1,37f6c86af36fad4c3f0574222020ee24b81f0a264768f1374d1a1665ecd6300a
NQZ26/day/flow/-,column,measured,8,686,1.0821910999948159,1.0662415,307733800,131,0,7692171,731731,1,37f6c86af36fad4c3f0574222020ee24b81f0a264768f1374d1a1665ecd6300a
NQZ26/day/flow/-,pruned,measured,8,687,0.15082280000206083,0.121728,29316200,131,119,731731,731731,1,37f6c86af36fad4c3f0574222020ee24b81f0a264768f1374d1a1665ecd6300a
NQZ26/day/flow/-,duckdb,measured,8,688,0.3828258999856189,0.05202319996897131,,,,,,1,37f6c86af36fad4c3f0574222020ee24b81f0a264768f1374d1a1665ecd6300a
NQZ26/full/bars/1h,pruned,measured,8,689,0.8277710000402294,0.8098519,184659064,131,0,7692171,7692171,405,bc166fd7b12108cc0740baf8431876e7ee76556167cc3097b9de59c5ceda5682
NQZ26/full/bars/1h,duckdb,measured,8,690,1.4149526000255719,1.1073315999819897,,,,,,405,bc166fd7b12108cc0740baf8431876e7ee76556167cc3097b9de59c5ceda5682
NQZ26/full/bars/1h,row,measured,8,691,1.3385947000351734,1.3215402,369239728,131,0,7692171,7692171,405,bc166fd7b12108cc0740baf8431876e7ee76556167cc3097b9de59c5ceda5682
NQZ26/full/bars/1h,column,measured,8,692,0.8241029999917373,0.8095158,184659064,131,0,7692171,7692171,405,bc166fd7b12108cc0740baf8431876e7ee76556167cc3097b9de59c5ceda5682
NQZ26/day/bars/1m,column,measured,8,693,0.6708905000123195,0.6535041,184659064,131,0,7692171,731731,1380,023e6e13fd6a1c88b65842323f13059f5a74c0b4e72112582b8b7819f25a521a
NQZ26/day/bars/1m,pruned,measured,8,694,0.10811270005069673,0.0922303,17608504,131,119,731731,731731,1380,023e6e13fd6a1c88b65842323f13059f5a74c0b4e72112582b8b7819f25a521a
NQZ26/day/bars/1m,duckdb,measured,8,695,0.438851099985186,0.13115440000547096,,,,,,1380,023e6e13fd6a1c88b65842323f13059f5a74c0b4e72112582b8b7819f25a521a
NQZ26/day/bars/1m,row,measured,8,696,1.2436686999863014,1.2246108,369239728,131,0,7692171,731731,1380,023e6e13fd6a1c88b65842323f13059f5a74c0b4e72112582b8b7819f25a521a
ESZ26/day/bars/1h,pruned,measured,8,697,0.19369640003424138,0.1787736,40026736,274,248,1663822,1663822,23,0ab687693333c92e3bbfd8cf494e853fa4c580ea11786eb71f762e3a5ac644bf
ESZ26/day/bars/1h,duckdb,measured,8,698,0.5315143999760039,0.23818119999486953,,,,,,23,0ab687693333c92e3bbfd8cf494e853fa4c580ea11786eb71f762e3a5ac644bf
ESZ26/day/bars/1h,row,measured,8,699,2.7020107000134885,2.6870448,821401552,274,0,17111923,1663822,23,0ab687693333c92e3bbfd8cf494e853fa4c580ea11786eb71f762e3a5ac644bf
ESZ26/day/bars/1h,column,measured,8,700,1.4921322000445798,1.4759615,410781160,274,0,17111923,1663822,23,0ab687693333c92e3bbfd8cf494e853fa4c580ea11786eb71f762e3a5ac644bf
ESZ26/day/bars/1m,column,measured,8,701,1.5589284999878146,1.5431479,410781160,274,0,17111923,1663822,1380,ce4db5049a1ba454ae08fa7a9275da923c39998df446090f114d8fc48798818f
ESZ26/day/bars/1m,pruned,measured,8,702,0.20237579999957234,0.1867407,40026736,274,248,1663822,1663822,1380,ce4db5049a1ba454ae08fa7a9275da923c39998df446090f114d8fc48798818f
ESZ26/day/bars/1m,duckdb,measured,8,703,0.5598205999704078,0.25777829997241497,,,,,,1380,ce4db5049a1ba454ae08fa7a9275da923c39998df446090f114d8fc48798818f
ESZ26/day/bars/1m,row,measured,8,704,2.738004000042565,2.7231057,821401552,274,0,17111923,1663822,1380,ce4db5049a1ba454ae08fa7a9275da923c39998df446090f114d8fc48798818f
NQZ26/day/bars/1h,pruned,measured,8,705,0.10443869995651767,0.0800437,17608504,131,119,731731,731731,23,bef7c843a3d380330103c9f62350d18fe0469ddfc3645ce06341634a9c32edf6
NQZ26/day/bars/1h,duckdb,measured,8,706,0.41824989998713136,0.11152150004636496,,,,,,23,bef7c843a3d380330103c9f62350d18fe0469ddfc3645ce06341634a9c32edf6
NQZ26/day/bars/1h,row,measured,8,707,1.2339609999908134,1.2173623,369239728,131,0,7692171,731731,23,bef7c843a3d380330103c9f62350d18fe0469ddfc3645ce06341634a9c32edf6
NQZ26/day/bars/1h,column,measured,8,708,0.6555485000135377,0.6400832,184659064,131,0,7692171,731731,23,bef7c843a3d380330103c9f62350d18fe0469ddfc3645ce06341634a9c32edf6
NQZ26/full/flow/-,row,measured,8,709,1.3782781999907456,1.3616673,369239728,131,0,7692171,7692171,1,b037820dc90976fe06076b38f39d18262b0b679a36fc8a1406a0ae06220ecada
NQZ26/full/flow/-,column,measured,8,710,1.2367669999948703,1.2222329,307733800,131,0,7692171,7692171,1,b037820dc90976fe06076b38f39d18262b0b679a36fc8a1406a0ae06220ecada
NQZ26/full/flow/-,pruned,measured,8,711,1.2426052000373602,1.2261891,307733800,131,0,7692171,7692171,1,b037820dc90976fe06076b38f39d18262b0b679a36fc8a1406a0ae06220ecada
NQZ26/full/flow/-,duckdb,measured,8,712,0.7643421000102535,0.45521530002588406,,,,,,1,b037820dc90976fe06076b38f39d18262b0b679a36fc8a1406a0ae06220ecada
NQZ26/ten_minutes/summary/-,duckdb,measured,8,713,0.30640820000553504,0.005433799989987165,,,,,,1,7cef7f69ace2a505ed309cc1c2b0370950aa5b9e9b9e6480447147eb773281bf
NQZ26/ten_minutes/summary/-,row,measured,8,714,1.2191975999739952,1.202606,369239728,131,0,7692171,19858,1,7cef7f69ace2a505ed309cc1c2b0370950aa5b9e9b9e6480447147eb773281bf
NQZ26/ten_minutes/summary/-,column,measured,8,715,0.64399280003272,0.6177176,184659064,131,0,7692171,19858,1,7cef7f69ace2a505ed309cc1c2b0370950aa5b9e9b9e6480447147eb773281bf
NQZ26/ten_minutes/summary/-,pruned,measured,8,716,0.03125050000380725,0.0144723,3192688,131,129,131072,19858,1,7cef7f69ace2a505ed309cc1c2b0370950aa5b9e9b9e6480447147eb773281bf
ESZ26/full/summary/-,duckdb,measured,8,717,0.9177653000224382,0.5947872000397183,,,,,,1,2524acf5f7f08f7f2f1e8ddf7e8b0e28f30c7c5bc8a4d3573edcbbf04d8a790a
ESZ26/full/summary/-,row,measured,8,718,2.922785600007046,2.9080256,821401552,274,0,17111923,17111923,1,2524acf5f7f08f7f2f1e8ddf7e8b0e28f30c7c5bc8a4d3573edcbbf04d8a790a
ESZ26/full/summary/-,column,measured,8,719,1.842844100028742,1.8157478,410781160,274,0,17111923,17111923,1,2524acf5f7f08f7f2f1e8ddf7e8b0e28f30c7c5bc8a4d3573edcbbf04d8a790a
ESZ26/full/summary/-,pruned,measured,8,720,1.8241130000096746,1.8089626,410781160,274,0,17111923,17111923,1,2524acf5f7f08f7f2f1e8ddf7e8b0e28f30c7c5bc8a4d3573edcbbf04d8a790a
NQZ26/full/bars/1m,column,measured,8,721,1.0426544000511058,1.0217432,184659064,131,0,7692171,7692171,23485,e742a99e661eb774aa343b8c1a3c1ae9e3e3e4ae83bd235c6f6d9c29c08fa56b
NQZ26/full/bars/1m,pruned,measured,8,722,1.0428340999642387,1.0130898,184659064,131,0,7692171,7692171,23485,e742a99e661eb774aa343b8c1a3c1ae9e3e3e4ae83bd235c6f6d9c29c08fa56b
NQZ26/full/bars/1m,duckdb,measured,8,723,1.7702003000304103,1.4495668000308797,,,,,,23485,e742a99e661eb774aa343b8c1a3c1ae9e3e3e4ae83bd235c6f6d9c29c08fa56b
NQZ26/full/bars/1m,row,measured,8,724,1.5600020000129007,1.5369544,369239728,131,0,7692171,7692171,23485,e742a99e661eb774aa343b8c1a3c1ae9e3e3e4ae83bd235c6f6d9c29c08fa56b
ESZ26/ten_minutes/bars/1h,pruned,measured,8,725,0.03139570000348613,0.0159221,3240736,274,272,131072,46082,1,e550b8ad4bf725f9fb18594215253c2181a957e63a7c89fcf1667216e0a4a966
ESZ26/ten_minutes/bars/1h,duckdb,measured,8,726,0.3166653999942355,0.013159400026779622,,,,,,1,e550b8ad4bf725f9fb18594215253c2181a957e63a7c89fcf1667216e0a4a966
ESZ26/ten_minutes/bars/1h,row,measured,8,727,2.8740320000215434,2.8569873,821401552,274,0,17111923,46082,1,e550b8ad4bf725f9fb18594215253c2181a957e63a7c89fcf1667216e0a4a966
ESZ26/ten_minutes/bars/1h,column,measured,8,728,1.5018968000076711,1.4830207,410781160,274,0,17111923,46082,1,e550b8ad4bf725f9fb18594215253c2181a957e63a7c89fcf1667216e0a4a966
NQZ26/day/summary/-,duckdb,measured,8,729,0.4342647000448778,0.04157370002940297,,,,,,1,e6e3c25e92c70989561a89c23c85331f7a8788687143c40a1431043f241ffc2c
NQZ26/day/summary/-,row,measured,8,730,1.3077963999821804,1.2838697,369239728,131,0,7692171,731731,1,e6e3c25e92c70989561a89c23c85331f7a8788687143c40a1431043f241ffc2c
NQZ26/day/summary/-,column,measured,8,731,0.6790688000037335,0.6620599,184659064,131,0,7692171,731731,1,e6e3c25e92c70989561a89c23c85331f7a8788687143c40a1431043f241ffc2c
NQZ26/day/summary/-,pruned,measured,8,732,0.09755399997811764,0.0809784,17608504,131,119,731731,731731,1,e6e3c25e92c70989561a89c23c85331f7a8788687143c40a1431043f241ffc2c
NQZ26/full/summary/-,duckdb,measured,8,733,0.5834492000285536,0.27291319996584207,,,,,,1,912e9eb917468d16f6aaeed1f836a1d45489ec5c4174ce4c3659da659a7089ac
NQZ26/full/summary/-,row,measured,8,734,1.408611400052905,1.3895779,369239728,131,0,7692171,7692171,1,912e9eb917468d16f6aaeed1f836a1d45489ec5c4174ce4c3659da659a7089ac
NQZ26/full/summary/-,column,measured,8,735,0.8430430999724194,0.8029486,184659064,131,0,7692171,7692171,1,912e9eb917468d16f6aaeed1f836a1d45489ec5c4174ce4c3659da659a7089ac
NQZ26/full/summary/-,pruned,measured,8,736,0.8153960999916308,0.7896029,184659064,131,0,7692171,7692171,1,912e9eb917468d16f6aaeed1f836a1d45489ec5c4174ce4c3659da659a7089ac
NQZ26/ten_minutes/bars/1m,column,measured,8,737,0.6449348000460304,0.6210083,184659064,131,0,7692171,19858,10,4b3e9bee9636be070134df558c9fc8683df10cb12d161c994e4a87074be2df9e
NQZ26/ten_minutes/bars/1m,pruned,measured,8,738,0.03196749999187887,0.0145067,3192688,131,129,131072,19858,10,4b3e9bee9636be070134df558c9fc8683df10cb12d161c994e4a87074be2df9e
NQZ26/ten_minutes/bars/1m,duckdb,measured,8,739,0.3274725000374019,0.010567300021648407,,,,,,10,4b3e9bee9636be070134df558c9fc8683df10cb12d161c994e4a87074be2df9e
NQZ26/ten_minutes/bars/1m,row,measured,8,740,1.2219696000101976,1.2062209,369239728,131,0,7692171,19858,10,4b3e9bee9636be070134df558c9fc8683df10cb12d161c994e4a87074be2df9e
ESZ26/ten_minutes/bars/1m,column,measured,8,741,1.4418510999530554,1.4258718,410781160,274,0,17111923,46082,10,0d31b4d5491c1ebcb873e7b14fed1b423da80bea10b445108ccf13f74c51e396
ESZ26/ten_minutes/bars/1m,pruned,measured,8,742,0.039923799980897456,0.0165475,3240736,274,272,131072,46082,10,0d31b4d5491c1ebcb873e7b14fed1b423da80bea10b445108ccf13f74c51e396
ESZ26/ten_minutes/bars/1m,duckdb,measured,8,743,0.3219471999909729,0.01406919996952638,,,,,,10,0d31b4d5491c1ebcb873e7b14fed1b423da80bea10b445108ccf13f74c51e396
ESZ26/ten_minutes/bars/1m,row,measured,8,744,2.700827099964954,2.686689,821401552,274,0,17111923,46082,10,0d31b4d5491c1ebcb873e7b14fed1b423da80bea10b445108ccf13f74c51e396
ESZ26/ten_minutes/flow/-,row,measured,8,745,2.8458009000169113,2.8306953,821401552,274,0,17111923,46082,1,84e77dff30bb8e76dd3d676d39cc856a6eac548a672cfc4974b0f44cdc2a5500
ESZ26/ten_minutes/flow/-,column,measured,8,746,2.527834400010761,2.5114332,684571928,274,0,17111923,46082,1,84e77dff30bb8e76dd3d676d39cc856a6eac548a672cfc4974b0f44cdc2a5500
ESZ26/ten_minutes/flow/-,pruned,measured,8,747,0.03867609996814281,0.0228843,5337888,274,272,131072,46082,1,84e77dff30bb8e76dd3d676d39cc856a6eac548a672cfc4974b0f44cdc2a5500
ESZ26/ten_minutes/flow/-,duckdb,measured,8,748,0.32817890000296757,0.00858590001007542,,,,,,1,84e77dff30bb8e76dd3d676d39cc856a6eac548a672cfc4974b0f44cdc2a5500
ESZ26/day/summary/-,duckdb,measured,8,749,0.360363099956885,0.06277660001069307,,,,,,1,e9725edf2bc1c6ac9ee013143cc7e311ab751899a4c0b3eaf7ff543bf310ead3
ESZ26/day/summary/-,row,measured,8,750,2.7442586999968626,2.727974,821401552,274,0,17111923,1663822,1,e9725edf2bc1c6ac9ee013143cc7e311ab751899a4c0b3eaf7ff543bf310ead3
ESZ26/day/summary/-,column,measured,8,751,1.484055599954445,1.4680478,410781160,274,0,17111923,1663822,1,e9725edf2bc1c6ac9ee013143cc7e311ab751899a4c0b3eaf7ff543bf310ead3
ESZ26/day/summary/-,pruned,measured,8,752,0.18919800000730902,0.174037,40026736,274,248,1663822,1663822,1,e9725edf2bc1c6ac9ee013143cc7e311ab751899a4c0b3eaf7ff543bf310ead3
NQZ26/ten_minutes/bars/1h,pruned,measured,8,753,0.032201699970755726,0.0148737,3192688,131,129,131072,19858,1,df3b50da996c3b943508ed61cb0606942dbd801e1dde0b30aabf8116c8a054b0
NQZ26/ten_minutes/bars/1h,duckdb,measured,8,754,0.33012719999533147,0.009296800009906292,,,,,,1,df3b50da996c3b943508ed61cb0606942dbd801e1dde0b30aabf8116c8a054b0
NQZ26/ten_minutes/bars/1h,row,measured,8,755,1.2210022999788634,1.203752,369239728,131,0,7692171,19858,1,df3b50da996c3b943508ed61cb0606942dbd801e1dde0b30aabf8116c8a054b0
NQZ26/ten_minutes/bars/1h,column,measured,8,756,0.6367175999912433,0.6209759,184659064,131,0,7692171,19858,1,df3b50da996c3b943508ed61cb0606942dbd801e1dde0b30aabf8116c8a054b0
ESZ26/ten_minutes/summary/-,duckdb,measured,8,757,0.3098294000374153,0.006486299971584231,,,,,,1,4925db5150b95a1652baa9a9e047c75833143a1acd114117eebabcbeb9efb97a
ESZ26/ten_minutes/summary/-,row,measured,8,758,2.695054200012237,2.6786638,821401552,274,0,17111923,46082,1,4925db5150b95a1652baa9a9e047c75833143a1acd114117eebabcbeb9efb97a
ESZ26/ten_minutes/summary/-,column,measured,8,759,1.4707002000068314,1.4541543,410781160,274,0,17111923,46082,1,4925db5150b95a1652baa9a9e047c75833143a1acd114117eebabcbeb9efb97a
ESZ26/ten_minutes/summary/-,pruned,measured,8,760,0.03306380001595244,0.0165962,3240736,274,272,131072,46082,1,4925db5150b95a1652baa9a9e047c75833143a1acd114117eebabcbeb9efb97a
ESZ26/full/bars/1m,column,measured,8,761,2.1884052000241354,2.1661192,410781160,274,0,17111923,17111923,24104,4386409cb5a66110db1754b70f3517e9d1e5d70a9738216f664f3f4099650f38
ESZ26/full/bars/1m,pruned,measured,8,762,2.08310970000457,2.0628837,410781160,274,0,17111923,17111923,24104,4386409cb5a66110db1754b70f3517e9d1e5d70a9738216f664f3f4099650f38
ESZ26/full/bars/1m,duckdb,measured,8,763,3.0815910999663174,2.7647119000321254,,,,,,24104,4386409cb5a66110db1754b70f3517e9d1e5d70a9738216f664f3f4099650f38
ESZ26/full/bars/1m,row,measured,8,764,3.1974937999621034,3.1766385,821401552,274,0,17111923,17111923,24104,4386409cb5a66110db1754b70f3517e9d1e5d70a9738216f664f3f4099650f38
ESZ26/day/flow/-,row,measured,8,765,2.8600279999664053,2.8420441,821401552,274,0,17111923,1663822,1,4834e7227f05193a4dd689b0c5c51563556c2178899e1bdb6b769856083e6b9c
ESZ26/day/flow/-,column,measured,8,766,2.5554051999934018,2.5380276,684571928,274,0,17111923,1663822,1,4834e7227f05193a4dd689b0c5c51563556c2178899e1bdb6b769856083e6b9c
ESZ26/day/flow/-,pruned,measured,8,767,0.2850027999957092,0.2696869,66647888,274,248,1663822,1663822,1,4834e7227f05193a4dd689b0c5c51563556c2178899e1bdb6b769856083e6b9c
ESZ26/day/flow/-,duckdb,measured,8,768,0.41502949997084215,0.09606089995941147,,,,,,1,4834e7227f05193a4dd689b0c5c51563556c2178899e1bdb6b769856083e6b9c
NQZ26/full/flow/-,column,measured,9,769,1.3154682999593206,1.2990917,307733800,131,0,7692171,7692171,1,b037820dc90976fe06076b38f39d18262b0b679a36fc8a1406a0ae06220ecada
NQZ26/full/flow/-,pruned,measured,9,770,1.257792199961841,1.2386151,307733800,131,0,7692171,7692171,1,b037820dc90976fe06076b38f39d18262b0b679a36fc8a1406a0ae06220ecada
NQZ26/full/flow/-,duckdb,measured,9,771,0.7755567999556661,0.46612589998403564,,,,,,1,b037820dc90976fe06076b38f39d18262b0b679a36fc8a1406a0ae06220ecada
NQZ26/full/flow/-,row,measured,9,772,1.3871122000273317,1.3710203,369239728,131,0,7692171,7692171,1,b037820dc90976fe06076b38f39d18262b0b679a36fc8a1406a0ae06220ecada
ESZ26/ten_minutes/bars/1m,pruned,measured,9,773,0.031001500028651208,0.0158957,3240736,274,272,131072,46082,10,0d31b4d5491c1ebcb873e7b14fed1b423da80bea10b445108ccf13f74c51e396
ESZ26/ten_minutes/bars/1m,duckdb,measured,9,774,0.31682859995635226,0.013529499992728233,,,,,,10,0d31b4d5491c1ebcb873e7b14fed1b423da80bea10b445108ccf13f74c51e396
ESZ26/ten_minutes/bars/1m,row,measured,9,775,2.717621599964332,2.6959768,821401552,274,0,17111923,46082,10,0d31b4d5491c1ebcb873e7b14fed1b423da80bea10b445108ccf13f74c51e396
ESZ26/ten_minutes/bars/1m,column,measured,9,776,1.4699715999886394,1.4545132,410781160,274,0,17111923,46082,10,0d31b4d5491c1ebcb873e7b14fed1b423da80bea10b445108ccf13f74c51e396
NQZ26/day/flow/-,column,measured,9,777,1.081965399964247,1.0638941,307733800,131,0,7692171,731731,1,37f6c86af36fad4c3f0574222020ee24b81f0a264768f1374d1a1665ecd6300a
NQZ26/day/flow/-,pruned,measured,9,778,0.1444793000118807,0.1200954,29316200,131,119,731731,731731,1,37f6c86af36fad4c3f0574222020ee24b81f0a264768f1374d1a1665ecd6300a
NQZ26/day/flow/-,duckdb,measured,9,779,0.3562110000057146,0.04935480002313852,,,,,,1,37f6c86af36fad4c3f0574222020ee24b81f0a264768f1374d1a1665ecd6300a
NQZ26/day/flow/-,row,measured,9,780,1.3154479000368156,1.2906682,369239728,131,0,7692171,731731,1,37f6c86af36fad4c3f0574222020ee24b81f0a264768f1374d1a1665ecd6300a
ESZ26/day/bars/1h,duckdb,measured,9,781,0.5540951000293717,0.23964800004614517,,,,,,23,0ab687693333c92e3bbfd8cf494e853fa4c580ea11786eb71f762e3a5ac644bf
ESZ26/day/bars/1h,row,measured,9,782,2.732973199978005,2.716209,821401552,274,0,17111923,1663822,23,0ab687693333c92e3bbfd8cf494e853fa4c580ea11786eb71f762e3a5ac644bf
ESZ26/day/bars/1h,column,measured,9,783,1.5072871000156738,1.4793077,410781160,274,0,17111923,1663822,23,0ab687693333c92e3bbfd8cf494e853fa4c580ea11786eb71f762e3a5ac644bf
ESZ26/day/bars/1h,pruned,measured,9,784,0.1952879999880679,0.17863,40026736,274,248,1663822,1663822,23,0ab687693333c92e3bbfd8cf494e853fa4c580ea11786eb71f762e3a5ac644bf
ESZ26/full/summary/-,row,measured,9,785,2.9188205000245944,2.9018701,821401552,274,0,17111923,17111923,1,2524acf5f7f08f7f2f1e8ddf7e8b0e28f30c7c5bc8a4d3573edcbbf04d8a790a
ESZ26/full/summary/-,column,measured,9,786,1.8418161000008695,1.8281198,410781160,274,0,17111923,17111923,1,2524acf5f7f08f7f2f1e8ddf7e8b0e28f30c7c5bc8a4d3573edcbbf04d8a790a
ESZ26/full/summary/-,pruned,measured,9,787,1.8277183000463992,1.8119992,410781160,274,0,17111923,17111923,1,2524acf5f7f08f7f2f1e8ddf7e8b0e28f30c7c5bc8a4d3573edcbbf04d8a790a
ESZ26/full/summary/-,duckdb,measured,9,788,0.971820899983868,0.6247507999651134,,,,,,1,2524acf5f7f08f7f2f1e8ddf7e8b0e28f30c7c5bc8a4d3573edcbbf04d8a790a
NQZ26/day/bars/1m,pruned,measured,9,789,0.13657999999122694,0.109294,17608504,131,119,731731,731731,1380,023e6e13fd6a1c88b65842323f13059f5a74c0b4e72112582b8b7819f25a521a
NQZ26/day/bars/1m,duckdb,measured,9,790,0.4788043000153266,0.14041530003305525,,,,,,1380,023e6e13fd6a1c88b65842323f13059f5a74c0b4e72112582b8b7819f25a521a
NQZ26/day/bars/1m,row,measured,9,791,1.2830309999990277,1.2661769,369239728,131,0,7692171,731731,1380,023e6e13fd6a1c88b65842323f13059f5a74c0b4e72112582b8b7819f25a521a
NQZ26/day/bars/1m,column,measured,9,792,0.6678912999923341,0.6520082,184659064,131,0,7692171,731731,1380,023e6e13fd6a1c88b65842323f13059f5a74c0b4e72112582b8b7819f25a521a
NQZ26/ten_minutes/summary/-,row,measured,9,793,1.2954012000118382,1.272868,369239728,131,0,7692171,19858,1,7cef7f69ace2a505ed309cc1c2b0370950aa5b9e9b9e6480447147eb773281bf
NQZ26/ten_minutes/summary/-,column,measured,9,794,0.7269058999954723,0.6196891,184659064,131,0,7692171,19858,1,7cef7f69ace2a505ed309cc1c2b0370950aa5b9e9b9e6480447147eb773281bf
NQZ26/ten_minutes/summary/-,pruned,measured,9,795,0.029022299975622445,0.0145589,3192688,131,129,131072,19858,1,7cef7f69ace2a505ed309cc1c2b0370950aa5b9e9b9e6480447147eb773281bf
NQZ26/ten_minutes/summary/-,duckdb,measured,9,796,0.30069030000595376,0.005536700016818941,,,,,,1,7cef7f69ace2a505ed309cc1c2b0370950aa5b9e9b9e6480447147eb773281bf
ESZ26/ten_minutes/flow/-,column,measured,9,797,2.3265848999726586,2.3087551,684571928,274,0,17111923,46082,1,84e77dff30bb8e76dd3d676d39cc856a6eac548a672cfc4974b0f44cdc2a5500
ESZ26/ten_minutes/flow/-,pruned,measured,9,798,0.04168199998093769,0.0228531,5337888,274,272,131072,46082,1,84e77dff30bb8e76dd3d676d39cc856a6eac548a672cfc4974b0f44cdc2a5500
ESZ26/ten_minutes/flow/-,duckdb,measured,9,799,0.3191169000347145,0.00868680002167821,,,,,,1,84e77dff30bb8e76dd3d676d39cc856a6eac548a672cfc4974b0f44cdc2a5500
ESZ26/ten_minutes/flow/-,row,measured,9,800,2.83672469999874,2.8226062,821401552,274,0,17111923,46082,1,84e77dff30bb8e76dd3d676d39cc856a6eac548a672cfc4974b0f44cdc2a5500
NQZ26/day/bars/1h,duckdb,measured,9,801,0.41467730002477765,0.1133391999755986,,,,,,23,bef7c843a3d380330103c9f62350d18fe0469ddfc3645ce06341634a9c32edf6
NQZ26/day/bars/1h,row,measured,9,802,1.2309346999973059,1.2150674,369239728,131,0,7692171,731731,23,bef7c843a3d380330103c9f62350d18fe0469ddfc3645ce06341634a9c32edf6
NQZ26/day/bars/1h,column,measured,9,803,0.6542928999988362,0.6389212,184659064,131,0,7692171,731731,23,bef7c843a3d380330103c9f62350d18fe0469ddfc3645ce06341634a9c32edf6
NQZ26/day/bars/1h,pruned,measured,9,804,0.09705349995056167,0.0815363,17608504,131,119,731731,731731,23,bef7c843a3d380330103c9f62350d18fe0469ddfc3645ce06341634a9c32edf6
ESZ26/ten_minutes/summary/-,row,measured,9,805,2.7603091000346467,2.7439052,821401552,274,0,17111923,46082,1,4925db5150b95a1652baa9a9e047c75833143a1acd114117eebabcbeb9efb97a
ESZ26/ten_minutes/summary/-,column,measured,9,806,1.5268649000208825,1.5098945,410781160,274,0,17111923,46082,1,4925db5150b95a1652baa9a9e047c75833143a1acd114117eebabcbeb9efb97a
ESZ26/ten_minutes/summary/-,pruned,measured,9,807,0.04622880002716556,0.0208143,3240736,274,272,131072,46082,1,4925db5150b95a1652baa9a9e047c75833143a1acd114117eebabcbeb9efb97a
ESZ26/ten_minutes/summary/-,duckdb,measured,9,808,0.32693250000011176,0.0070578999584540725,,,,,,1,4925db5150b95a1652baa9a9e047c75833143a1acd114117eebabcbeb9efb97a
NQZ26/full/bars/1m,pruned,measured,9,809,1.072174700035248,1.0488236,184659064,131,0,7692171,7692171,23485,e742a99e661eb774aa343b8c1a3c1ae9e3e3e4ae83bd235c6f6d9c29c08fa56b
NQZ26/full/bars/1m,duckdb,measured,9,810,1.9678731000167318,1.5844523000414483,,,,,,23485,e742a99e661eb774aa343b8c1a3c1ae9e3e3e4ae83bd235c6f6d9c29c08fa56b
NQZ26/full/bars/1m,row,measured,9,811,1.5741883000009693,1.5390072,369239728,131,0,7692171,7692171,23485,e742a99e661eb774aa343b8c1a3c1ae9e3e3e4ae83bd235c6f6d9c29c08fa56b
NQZ26/full/bars/1m,column,measured,9,812,1.0353996999911033,1.0145548,184659064,131,0,7692171,7692171,23485,e742a99e661eb774aa343b8c1a3c1ae9e3e3e4ae83bd235c6f6d9c29c08fa56b
NQZ26/ten_minutes/flow/-,column,measured,9,813,1.1507642999640666,1.13306,307733800,131,0,7692171,19858,1,80351e3dafe91d9377541e85042a0b293217c285b1e39b212cac5ef9074d48c3
NQZ26/ten_minutes/flow/-,pruned,measured,9,814,0.037367099954281,0.0213926,5289840,131,129,131072,19858,1,80351e3dafe91d9377541e85042a0b293217c285b1e39b212cac5ef9074d48c3
NQZ26/ten_minutes/flow/-,duckdb,measured,9,815,0.3253291000146419,0.0069271999527700245,,,,,,1,80351e3dafe91d9377541e85042a0b293217c285b1e39b212cac5ef9074d48c3
NQZ26/ten_minutes/flow/-,row,measured,9,816,1.2885225000209175,1.2719657,369239728,131,0,7692171,19858,1,80351e3dafe91d9377541e85042a0b293217c285b1e39b212cac5ef9074d48c3
NQZ26/day/summary/-,row,measured,9,817,1.239992999995593,1.2240243,369239728,131,0,7692171,731731,1,e6e3c25e92c70989561a89c23c85331f7a8788687143c40a1431043f241ffc2c
NQZ26/day/summary/-,column,measured,9,818,0.6533951000310481,0.638216,184659064,131,0,7692171,731731,1,e6e3c25e92c70989561a89c23c85331f7a8788687143c40a1431043f241ffc2c
NQZ26/day/summary/-,pruned,measured,9,819,0.09459799999604002,0.0784417,17608504,131,119,731731,731731,1,e6e3c25e92c70989561a89c23c85331f7a8788687143c40a1431043f241ffc2c
NQZ26/day/summary/-,duckdb,measured,9,820,0.3495606000069529,0.031483299972023815,,,,,,1,e6e3c25e92c70989561a89c23c85331f7a8788687143c40a1431043f241ffc2c
ESZ26/full/bars/1h,duckdb,measured,9,821,2.710164899996016,2.3993639000109397,,,,,,405,833f885466de93a08991d071a5319342002971ddd06eafd63d7b3dd9c3b8d35f
ESZ26/full/bars/1h,row,measured,9,822,2.9609818999888375,2.9448419,821401552,274,0,17111923,17111923,405,833f885466de93a08991d071a5319342002971ddd06eafd63d7b3dd9c3b8d35f
ESZ26/full/bars/1h,column,measured,9,823,1.8803150999592617,1.8567718,410781160,274,0,17111923,17111923,405,833f885466de93a08991d071a5319342002971ddd06eafd63d7b3dd9c3b8d35f
ESZ26/full/bars/1h,pruned,measured,9,824,1.8700964000308886,1.8457543,410781160,274,0,17111923,17111923,405,833f885466de93a08991d071a5319342002971ddd06eafd63d7b3dd9c3b8d35f
NQZ26/ten_minutes/bars/1h,duckdb,measured,9,825,0.3239212000044063,0.00949109997600317,,,,,,1,df3b50da996c3b943508ed61cb0606942dbd801e1dde0b30aabf8116c8a054b0
NQZ26/ten_minutes/bars/1h,row,measured,9,826,1.2242864000145346,1.2063422,369239728,131,0,7692171,19858,1,df3b50da996c3b943508ed61cb0606942dbd801e1dde0b30aabf8116c8a054b0
NQZ26/ten_minutes/bars/1h,column,measured,9,827,0.6416122000082396,0.6189459,184659064,131,0,7692171,19858,1,df3b50da996c3b943508ed61cb0606942dbd801e1dde0b30aabf8116c8a054b0
NQZ26/ten_minutes/bars/1h,pruned,measured,9,828,0.02907479996792972,0.0146006,3192688,131,129,131072,19858,1,df3b50da996c3b943508ed61cb0606942dbd801e1dde0b30aabf8116c8a054b0
NQZ26/full/summary/-,row,measured,9,829,1.3213325999677181,1.3044184,369239728,131,0,7692171,7692171,1,912e9eb917468d16f6aaeed1f836a1d45489ec5c4174ce4c3659da659a7089ac
NQZ26/full/summary/-,column,measured,9,830,0.8248231000034139,0.7999974,184659064,131,0,7692171,7692171,1,912e9eb917468d16f6aaeed1f836a1d45489ec5c4174ce4c3659da659a7089ac
NQZ26/full/summary/-,pruned,measured,9,831,0.8078687000088394,0.7910627,184659064,131,0,7692171,7692171,1,912e9eb917468d16f6aaeed1f836a1d45489ec5c4174ce4c3659da659a7089ac
NQZ26/full/summary/-,duckdb,measured,9,832,0.5870106999645941,0.27460569998947904,,,,,,1,912e9eb917468d16f6aaeed1f836a1d45489ec5c4174ce4c3659da659a7089ac
ESZ26/full/bars/1m,pruned,measured,9,833,2.0769803000148386,2.0524767,410781160,274,0,17111923,17111923,24104,4386409cb5a66110db1754b70f3517e9d1e5d70a9738216f664f3f4099650f38
ESZ26/full/bars/1m,duckdb,measured,9,834,3.0976312999846414,2.76771970000118,,,,,,24104,4386409cb5a66110db1754b70f3517e9d1e5d70a9738216f664f3f4099650f38
ESZ26/full/bars/1m,row,measured,9,835,3.1822515000239946,3.1608938,821401552,274,0,17111923,17111923,24104,4386409cb5a66110db1754b70f3517e9d1e5d70a9738216f664f3f4099650f38
ESZ26/full/bars/1m,column,measured,9,836,2.092897299968172,2.0626421,410781160,274,0,17111923,17111923,24104,4386409cb5a66110db1754b70f3517e9d1e5d70a9738216f664f3f4099650f38
ESZ26/full/flow/-,column,measured,9,837,2.733805100026075,2.7170201,684571928,274,0,17111923,17111923,1,508854b9eeec3a12c14f674f7e1b69322f29cb088cd0c8cdbe5bdf83c0f51578
ESZ26/full/flow/-,pruned,measured,9,838,2.771338900027331,2.743974,684571928,274,0,17111923,17111923,1,508854b9eeec3a12c14f674f7e1b69322f29cb088cd0c8cdbe5bdf83c0f51578
ESZ26/full/flow/-,duckdb,measured,9,839,1.2810786999762058,0.9557179000112228,,,,,,1,508854b9eeec3a12c14f674f7e1b69322f29cb088cd0c8cdbe5bdf83c0f51578
ESZ26/full/flow/-,row,measured,9,840,3.0668484999914654,3.0493282,821401552,274,0,17111923,17111923,1,508854b9eeec3a12c14f674f7e1b69322f29cb088cd0c8cdbe5bdf83c0f51578
ESZ26/day/summary/-,row,measured,9,841,2.7220871000317857,2.7049621,821401552,274,0,17111923,1663822,1,e9725edf2bc1c6ac9ee013143cc7e311ab751899a4c0b3eaf7ff543bf310ead3
ESZ26/day/summary/-,column,measured,9,842,1.487386199994944,1.4733882,410781160,274,0,17111923,1663822,1,e9725edf2bc1c6ac9ee013143cc7e311ab751899a4c0b3eaf7ff543bf310ead3
ESZ26/day/summary/-,pruned,measured,9,843,0.18906699999934062,0.1744234,40026736,274,248,1663822,1663822,1,e9725edf2bc1c6ac9ee013143cc7e311ab751899a4c0b3eaf7ff543bf310ead3
ESZ26/day/summary/-,duckdb,measured,9,844,0.3851015000254847,0.0620092999888584,,,,,,1,e9725edf2bc1c6ac9ee013143cc7e311ab751899a4c0b3eaf7ff543bf310ead3
ESZ26/day/flow/-,column,measured,9,845,2.517298299993854,2.5015166,684571928,274,0,17111923,1663822,1,4834e7227f05193a4dd689b0c5c51563556c2178899e1bdb6b769856083e6b9c
ESZ26/day/flow/-,pruned,measured,9,846,0.2887213000212796,0.2719292,66647888,274,248,1663822,1663822,1,4834e7227f05193a4dd689b0c5c51563556c2178899e1bdb6b769856083e6b9c
ESZ26/day/flow/-,duckdb,measured,9,847,0.42071999999461696,0.09714730002451688,,,,,,1,4834e7227f05193a4dd689b0c5c51563556c2178899e1bdb6b769856083e6b9c
ESZ26/day/flow/-,row,measured,9,848,2.9122881999937817,2.8937447,821401552,274,0,17111923,1663822,1,4834e7227f05193a4dd689b0c5c51563556c2178899e1bdb6b769856083e6b9c
NQZ26/full/bars/1h,duckdb,measured,9,849,1.4528476999839768,1.116037400031928,,,,,,405,bc166fd7b12108cc0740baf8431876e7ee76556167cc3097b9de59c5ceda5682
NQZ26/full/bars/1h,row,measured,9,850,1.371312199975364,1.3499027,369239728,131,0,7692171,7692171,405,bc166fd7b12108cc0740baf8431876e7ee76556167cc3097b9de59c5ceda5682
NQZ26/full/bars/1h,column,measured,9,851,0.9324234999949113,0.9141967,184659064,131,0,7692171,7692171,405,bc166fd7b12108cc0740baf8431876e7ee76556167cc3097b9de59c5ceda5682
NQZ26/full/bars/1h,pruned,measured,9,852,0.8753021000302397,0.8577102,184659064,131,0,7692171,7692171,405,bc166fd7b12108cc0740baf8431876e7ee76556167cc3097b9de59c5ceda5682
ESZ26/ten_minutes/bars/1h,duckdb,measured,9,853,0.3167288000113331,0.013333500013686717,,,,,,1,e550b8ad4bf725f9fb18594215253c2181a957e63a7c89fcf1667216e0a4a966
ESZ26/ten_minutes/bars/1h,row,measured,9,854,2.7370252999826334,2.7223802,821401552,274,0,17111923,46082,1,e550b8ad4bf725f9fb18594215253c2181a957e63a7c89fcf1667216e0a4a966
ESZ26/ten_minutes/bars/1h,column,measured,9,855,1.485215499997139,1.4704168,410781160,274,0,17111923,46082,1,e550b8ad4bf725f9fb18594215253c2181a957e63a7c89fcf1667216e0a4a966
ESZ26/ten_minutes/bars/1h,pruned,measured,9,856,0.031532299995888025,0.0158328,3240736,274,272,131072,46082,1,e550b8ad4bf725f9fb18594215253c2181a957e63a7c89fcf1667216e0a4a966
NQZ26/ten_minutes/bars/1m,pruned,measured,9,857,0.030456199951004237,0.0151259,3192688,131,129,131072,19858,10,4b3e9bee9636be070134df558c9fc8683df10cb12d161c994e4a87074be2df9e
NQZ26/ten_minutes/bars/1m,duckdb,measured,9,858,0.3307656000251882,0.010319599998183548,,,,,,10,4b3e9bee9636be070134df558c9fc8683df10cb12d161c994e4a87074be2df9e
NQZ26/ten_minutes/bars/1m,row,measured,9,859,1.2442450000089593,1.2204865,369239728,131,0,7692171,19858,10,4b3e9bee9636be070134df558c9fc8683df10cb12d161c994e4a87074be2df9e
NQZ26/ten_minutes/bars/1m,column,measured,9,860,0.6432379999896511,0.6262991,184659064,131,0,7692171,19858,10,4b3e9bee9636be070134df558c9fc8683df10cb12d161c994e4a87074be2df9e
ESZ26/day/bars/1m,pruned,measured,9,861,0.20722489996114746,0.1893795,40026736,274,248,1663822,1663822,1380,ce4db5049a1ba454ae08fa7a9275da923c39998df446090f114d8fc48798818f
ESZ26/day/bars/1m,duckdb,measured,9,862,0.5692324999836273,0.2611390000092797,,,,,,1380,ce4db5049a1ba454ae08fa7a9275da923c39998df446090f114d8fc48798818f
ESZ26/day/bars/1m,row,measured,9,863,2.834645700000692,2.8187622,821401552,274,0,17111923,1663822,1380,ce4db5049a1ba454ae08fa7a9275da923c39998df446090f114d8fc48798818f
ESZ26/day/bars/1m,column,measured,9,864,1.5264260999974795,1.5109689,410781160,274,0,17111923,1663822,1380,ce4db5049a1ba454ae08fa7a9275da923c39998df446090f114d8fc48798818f
